"Status","Exposure.Location","Street","Suburb","Date","Arrival.Time","Departure.Time","Contact","lat","lon","doubles","moved"
"New","Baby Bunting Fyshwick","30 Iron Knob Street","Fyshwick","01/10/2021 - Friday","10:35am","11:30am","Casual",-35.338521,149.181084,"",FALSE
"","Sage Education and Childcare Belconnen","14 Wales Street","Belconnen","30/09/2021 - Thursday","8:00am","1:30pm","Close",-35.2400662,149.0622518,"",FALSE
"New","ALDI Chisholm","36 Benham Street","Chisholm","30/09/2021 - Thursday","7:30pm","8:30pm","Casual",-35.4148128,149.1293436,"<strong/>!Location has more than<br> one entry. Zoom in and search table!</strong/>",TRUE
"New","Caltex (EG Fuel) Belconnen","4 Luxton Street","Belconnen","30/09/2021 - Thursday","11:40am","12:15pm","Monitor",-35.236451,149.0590295,"<strong/>!Location has more than<br> one entry. Zoom in and search table!</strong/>",TRUE
"New","Coles Express Belconnen","Lathlain Street and Wignall Place","Belconnen","30/09/2021 - Thursday","11:40am","12:15pm","Monitor",-35.242649,149.064011,"<strong/>!Location has more than<br> one entry. Zoom in and search table!</strong/>",TRUE
"New","IGA Drakeford","9 Jenke Circuit","Kambah","30/09/2021 - Thursday","8:40am","9:20am","Monitor",-35.3930138,149.0684925,"",FALSE
"New","IGA Lyneham","1 Wattle Place","Lyneham","30/09/2021 - Thursday","2:50pm","3:30pm","Monitor",-35.2520717,149.1248594,"",FALSE
"New","Woolworths Metro Cameron Avenue","1/6 Grazier Lane","Belconnen","30/09/2021 - Thursday","3:40pm","4:20pm","Monitor",-35.2401725,149.0720563,"<strong/>!Location has more than<br> one entry. Zoom in and search table!</strong/>",TRUE
"New","Coles Manuka","Franklin Street and Flinders Way","Griffith","30/09/2021 - Thursday","5:15pm","6:00pm","Monitor",-35.3210247,149.1341946,"",FALSE
"New","RSEA Safety Mitchell","2/101 Flemgington Road","Mitchell","30/09/2021 - Thursday","9:05am","9:45am","Monitor",-35.3221816,149.1740192,"",FALSE
"","A Bite to Eat Cafe","8 Chifley Place","Chifley","29/09/2021 - Wednesday","8:55am","9:40am","Monitor",-35.3525355,149.0759351,"",FALSE
"","A Bite to Eat Cafe","8 Chifley Place","Chifley","29/09/2021 - Wednesday","5:10pm","8:00pm","Casual",-35.3525355,149.0758851,"",FALSE
"","Coles Express Fyshwick Wiluna","12 Wiluna Street","Fyshwick","29/09/2021 - Wednesday","2:30pm","3:15pm","Monitor",-35.3292044,149.1646996,"",FALSE
"","Coles Wanniassa","12 Sangster Place","Wanniassa","29/09/2021 - Wednesday","5:50pm","7:00pm","Casual",-35.3912889,149.0854722,"",FALSE
"","Guzman y Gomez Canberra Centre","Canberra Centre, 148 Bunda Street","Canberra City","29/09/2021 - Wednesday","11:30am","1:00pm","Monitor",-35.2786183,149.1331753,"",FALSE
"","Narrabundah Friendly Grocer","6 Iluka Street","Narrabundah","29/09/2021 - Wednesday","4:15pm","5:00pm","Monitor",-35.3325783,149.1539484,"",FALSE
"","Sage Education and Childcare Belconnen","14 Wales Street","Belconnen","29/09/2021 - Wednesday","8:25am","4:30pm","Close",-35.2400662,149.0622018,"",FALSE
"","Vodafone Belconnen","Westfield Belconnen, Benjamin Way","Belconnen","29/09/2021 - Wednesday","11:15am","12:30pm","Casual",-35.2382955,149.0653892,"",FALSE
"New","Commonwealth Bank Canberra Centre","185 City Walk","Canberra City","29/09/2021 - Wednesday","9:25am","10:10am","Monitor",-35.2791971,149.132079,"",FALSE
"New","SUPAEXPRESS Florey","1/26 Kesteven Street","Florey","29/09/2021 - Wednesday","10:30am","11:00am","Monitor",-35.2263914,149.0545019,"<strong/>!Location has more than<br> one entry. Zoom in and search table!</strong/>",TRUE
"New","Woolworths Belconnen","Westfield Belconnen, Benjamin Way","Belconnen","29/09/2021 - Wednesday","9:20am","10:10am","Monitor",-35.2386596,149.0653762,"<strong/>!Location has more than<br> one entry. Zoom in and search table!</strong/>",TRUE
"New","Woolworths Metro Franklin","Corner Flemington Road and Nullarbor Avenue","Franklin","29/09/2021 - Wednesday","12:50pm","1:45pm","Casual",-35.2000983,149.1488768,"",FALSE
"","Scott's Crossing Construction Site","Canberra Centre, 148 Bunda Street","Canberra City","29/09/2021 - Wednesday","6:45am","4:30pm","Close",-35.2802271,149.1333059,"",FALSE
"New","Bunnings Gungahlin","10 Gribble Street","Gungahlin","29/09/2021 - Wednesday","6:00pm","11:30pm","Casual",-35.1838713,149.1303139,"",FALSE
"New","Capital Chemist Charnwood","Charnwood Shopping Centre, Lhotsky Street","Charnwood","29/09/2021 - Wednesday","4:15pm","5:10pm","Casual",-35.2045044,149.033623,"",FALSE
"","7-Eleven Holt","88 Hardwick Crescent","Holt","28/09/2021 - Tuesday","8:30pm","9:00pm","Monitor",-35.2209147,149.0179193,"<strong/>!Location has more than<br> one entry. Zoom in and search table!</strong/>",TRUE
"","7-Eleven Mawson","1 Mawson Place","Mawson","28/09/2021 - Tuesday","1:10pm","1:55pm","Monitor",-35.365172,149.0936873,"",FALSE
"","Brindabella Endoscopy Centre","Suite 7, Level 1, 5 Dann Close","Garran","28/09/2021 - Tuesday","12:30pm","4:50pm","Casual",-35.3497278,149.1026959,"",FALSE
"","Coles Amaroo","Horse Park Drive","Amaroo","28/09/2021 - Tuesday","2:30pm","3:15pm","Monitor",-35.1646128,149.1317816,"",FALSE
"","Dan Murphy's Phillip","Corner of Hindmarsh Drive and Botany Street","Phillip","28/09/2021 - Tuesday","5:00pm","6:00pm","Monitor",-35.3498534,149.0896567,"",FALSE
"","Dan Murphy's Tuggeranong","Homeworld Centre, 150-180 Soward Way","Greenway","28/09/2021 - Tuesday","11:50am","1:00pm","Monitor",-35.4179174,149.0677495,"",FALSE
"","EQ Bakehouse","70 Kent Street","Deakin","28/09/2021 - Tuesday","10:50am","11:30am","Monitor",-35.3204751,149.0973981,"",FALSE
"","Fyshwick Post Office","22 Townsville Street","Fyshwick","28/09/2021 - Tuesday","4:25pm","5:30pm","Monitor",-35.3282773,149.183094,"",FALSE
"","Gelato Messina Kingston","38 Eyre Street","Kingston","28/09/2021 - Tuesday","7:55pm","8:30pm","Monitor",-35.3165027,149.1424967,"",FALSE
"","Hawker Discount Drug store","72-74 Hawker Place","Hawker","28/09/2021 - Tuesday","11:15am","11:50am","Monitor",-35.2431655,149.043745,"",FALSE
"","Priceline Pharmacy Amaroo","6 Pioneer Street","Amaroo","28/09/2021 - Tuesday","2:20pm","3:05pm","Monitor",-35.164779,149.1324158,"",FALSE
"","Specfast Fyshwick","17 Cessnock Street","Fyshwick","28/09/2021 - Tuesday","2:20pm","3:00pm","Monitor",-35.3228797,149.1721191,"",FALSE
"","Sydney Tools Fyshwick","163-165 Gladstone Street","Fyshwick","28/09/2021 - Tuesday","2:40pm","4:30pm","Monitor",-35.325756,149.1843872,"",FALSE
"","Total Tools Fyshwick","103 Gladstone Street","Fyshwick","28/09/2021 - Tuesday","2:30pm","3:10pm","Monitor",-35.3221611,149.1807051,"",FALSE
"","Woolworths Kippax","Kippax Fair Shopping Centre, 26 Hardwick Crescent","Holt","28/09/2021 - Tuesday","8:30pm","9:15pm","Monitor",-35.2218013,149.0194363,"<strong/>!Location has more than<br> one entry. Zoom in and search table!</strong/>",TRUE
"","Woolworths Mawson","15 Mawson Place","Mawson","28/09/2021 - Tuesday","3:40pm","4:30pm","Casual",-35.3661449,149.0946696,"",FALSE
"","Woolworths Metro Hawker","Springvale Drive","Hawker","28/09/2021 - Tuesday","10:50am","11:45am","Casual",-35.2433647,149.0441492,"",FALSE
"New","Angkorwhat Asian Groceries","Benjamin Way","Belconnen","28/09/2021 - Tuesday","4:50pm","5:30pm","Monitor",-35.2384095,149.0655031,"",FALSE
"New","Caltex (EG Fuel) Belconnen","4 Luxton Street","Belconnen","28/09/2021 - Tuesday","9:20am","10:50am","Monitor",-35.236451,149.0589795,"<strong/>!Location has more than<br> one entry. Zoom in and search table!</strong/>",TRUE
"New","Coles Belconnen","Westfield Belconnen, Benjamin Way","Belconnen","28/09/2021 - Tuesday","5:30pm","6:20pm","Casual",-35.237949,149.064837,"",FALSE
"New","The Food Forum","Westfield Belconnen, Benjamin Way","Belconnen","28/09/2021 - Tuesday","5:20pm","6:00pm","Monitor",-35.2385072,149.0644201,"",FALSE
"New","Woolworths Belconnen","Westfield Belconnen, Benjamin Way","Belconnen","28/09/2021 - Tuesday","7:30am","8:20am","Monitor",-35.2386596,149.0653262,"<strong/>!Location has more than<br> one entry. Zoom in and search table!</strong/>",TRUE
"New","Woolworths Belconnen","Westfield Belconnen, Benjamin Way","Belconnen","28/09/2021 - Tuesday","4:55pm","5:50pm","Monitor",-35.2386596,149.0652762,"<strong/>!Location has more than<br> one entry. Zoom in and search table!</strong/>",TRUE
"","Scott's Crossing Construction Site","Canberra Centre, 148 Bunda Street","Canberra City","28/09/2021 - Tuesday","6:45am","4:30pm","Close",-35.2802271,149.1332559,"",FALSE
"New","7-Eleven Casey","10 Kingsland Parade","Casey","28/09/2021 - Tuesday","2:45pm","3:45pm","Monitor",-35.175773,149.0957326,"",FALSE
"New","Commonwealth Bank Fyshwick","28 Wollongong Street","Fyshwick","28/09/2021 - Tuesday","10:30am","11:15am","Casual",-35.326662,149.1788032,"",FALSE
"New","Forrest Hotel and Apartments, Lobby Only","30 National Circuit","Forrest","28/09/2021 - Tuesday","10:00am","10:45am","Monitor",-35.315383,149.1280946,"",FALSE
"New","Magistrates Court Room 1","ACT Magistrates Court, 4-6 Knowles Place","Canberra City","28/09/2021 - Tuesday","10:40am","12:20pm","Casual",-35.2803475,149.1271913,"<strong/>!Location has more than<br> one entry. Zoom in and search table!</strong/>",TRUE
"New","Waiting Area Outside Magistrates Court Room 1","ACT Magistrates Court, 4-6 Knowles Place","Canberra City","28/09/2021 - Tuesday","9:25am","11:10am","Casual",-35.2803475,149.1271413,"<strong/>!Location has more than<br> one entry. Zoom in and search table!</strong/>",TRUE
"","7-Eleven Holt","88 Hardwick Crescent","Holt","27/09/2021 - Monday","9:00pm","9:40pm","Monitor",-35.2209147,149.0179443,"",FALSE
"","Ampol Foodary Weston Creek","1 Kirkpatrick Street","Weston","27/09/2021 - Monday","10:00am","10:35am","Monitor",-35.3222216,149.0568851,"",FALSE
"","Biteful Kebabs","South.Point Tuggeranong, Anketell Street and Reed Street","Greenway","27/09/2021 - Monday","3:30pm","4:30pm","Casual",-35.4167822,149.0665567,"",FALSE
"","BWS Kippax","Kippax Fair Shopping Centre, Hardwick Crescent","Holt","27/09/2021 - Monday","4:40pm","5:25pm","Monitor",-35.2225871,149.0199712,"",FALSE
"","Capital Chemist Coombs","110 Woodberry Avenue","Coombs","27/09/2021 - Monday","10:10am","10:55am","Monitor",-35.3197728,149.0395112,"",FALSE
"","Capital Chemist Kambah","Kambah Village Shopping Centre, Primmer Court","Kambah","27/09/2021 - Monday","3:30pm","4:30pm","Monitor",-35.3803225,149.0577723,"",FALSE
"","Chisholm takeaway","Chisholm Village Shopping Centre, 42 Halley Street","Chisholm","27/09/2021 - Monday","1:25pm","2:15pm","Casual",-35.414108,149.1288658,"",FALSE
"","Clinic 88 Woden","1/12 Furzer Street","Phillip","27/09/2021 - Monday","2:00pm","3:30pm","Casual",-35.3417587,149.0835723,"",FALSE
"","Coles Tuggeranong","South.Point Tuggeranong, Anketell Street and Reed Street","Greenway","27/09/2021 - Monday","1:50pm","3:00pm","Casual",-35.4167822,149.0665817,"",FALSE
"","Communities@Work - Community Pantry","245 Cowlishaw Street","Greenway","27/09/2021 - Monday","1:20pm","2:20pm","Casual",-35.4152061,149.0694707,"",FALSE
"","IGA Isabella Plains","6/131 Ellerston Aveune","Isabella Plains","27/09/2021 - Monday","3:50pm","4:45pm","Casual",-35.4286142,149.0916052,"",FALSE
"","Kingsley's Chicken Kippax","Kippax Fair Shopping Centre, Hardwick Crescent","Holt","27/09/2021 - Monday","4:35pm","5:15pm","Monitor",-35.2226439,149.0200434,"",FALSE
"","McDonald's Kippax","84 Hardwick Crescent","Holt","27/09/2021 - Monday","9:00pm","11:59pm","Casual",-35.2201558,149.0179066,"",FALSE
"","ShareTea Dickson","8 Cape Street","Dickson","27/09/2021 - Monday","11:45am","12:30pm","Monitor",-35.2515571,149.1375901,"",FALSE
"","Southside Physiotherapy Tuggeranong","146 Scollay Street","Greenway","27/09/2021 - Monday","11:45am","1:00pm","Casual",-35.418371,149.066255,"",FALSE
"","The Pharmacy on Northbourne","65 Northbourne Aveune","Canberra City","27/09/2021 - Monday","2:30pm","3:45pm","Monitor",-35.2782064,149.1288999,"",FALSE
"","Village Dental Care Kambah","Kambah Village Shopping Centre, Primmer Court","Kambah","27/09/2021 - Monday","3:00pm","4:00pm","Monitor",-35.3808852,149.0575992,"",FALSE
"","Woolworths Cooleman Court","Cooleman Court Shopping Centre, Brierly Street","Weston","27/09/2021 - Monday","11:30am","12:30pm","Casual",-35.3412617,149.0527186,"",FALSE
"","Woolworths Kambah","Kambah Village Shopping Centre, Primmer Court","Kambah","27/09/2021 - Monday","3:10pm","4:00pm","Monitor",-35.3801801,149.0572697,"",FALSE
"New","The Pharmacy on Petrie","148 Bunda Street","Canberra City","27/09/2021 - Monday","12:20pm","1:00pm","Monitor",-35.2788096,149.1335326,"",FALSE
"","Scott's Crossing Construction Site","Canberra Centre, 148 Bunda Street","Canberra City","27/09/2021 - Monday","6:45am","4:30pm","Close",-35.2802271,149.1332059,"",FALSE
"","7-Eleven Erindale","76 Gartside Street","Wanniassa","26/09/2021 - Sunday","5:40pm","6:30pm","Monitor",-35.4054226,149.1012591,"",FALSE
"","ALDI Conder","9 Sidney Nolan Street","Conder","26/09/2021 - Sunday","3:30pm","4:10pm","Monitor",-35.4565418,149.093456,"",FALSE
"","ALDI Cooleman Court","Cooleman Court Shopping Centre, Brierly Street","Weston","26/09/2021 - Sunday","6:55pm","8:00pm","Casual",-35.3414467,149.0525899,"",FALSE
"","ALDI Kippax","Kippax Fair Shopping Centre, Hardwick Crescent","Holt","26/09/2021 - Sunday","12:25pm","1:10pm","Monitor",-35.2218013,149.0193863,"<strong/>!Location has more than<br> one entry. Zoom in and search table!</strong/>",TRUE
"","Ampol Foodary Weston","49 Brierly Street","Weston","26/09/2021 - Sunday","5:20am","6:05am","Monitor",-35.3402449,149.0520931,"",FALSE
"","Belluci's Trattoria","Franklin Street and Furneaux Street","Griffith","26/09/2021 - Sunday","5:35pm","6:15pm","Monitor",-35.3196219,149.1324215,"",FALSE
"","Bottlemart Macquarie","Parc Village, 2 Henshall Way","Macquarie","26/09/2021 - Sunday","1:10pm","2:00pm","Monitor",-35.2537379,149.0698165,"",FALSE
"","Bus Route 24 Transport Canberra Code BUS709","Evatt (William Webb Drive) to Belconnen","Public Transport","26/09/2021 - Sunday","11:10am","11:15am","Casual",-35.2128182,149.0762129,"",FALSE
"","Chong Co Thai Kingston","31 Eastlake Parade","Kingston","26/09/2021 - Sunday","2:00pm","2:40pm","Monitor",-35.3122041,149.1461583,"",FALSE
"","Coles Belconnen","Westfield Belconnen, Benjamin Way","Belconnen","26/09/2021 - Sunday","12:00pm","1:30pm","Monitor",-35.237949,149.064887,"",FALSE
"","Coles Chisholm","42 Halley Street","Chisholm","26/09/2021 - Sunday","4:45pm","5:35pm","Casual",-35.4141067,149.1282419,"",FALSE
"","Coles Chisholm","Chisholm Village Shopping Centre, 42 Halley Street","Chisholm","26/09/2021 - Sunday","6:10pm","7:00pm","Casual",-35.4140008,149.1282707,"",FALSE
"","Coles Express Belconnen","Lathlain Street and Wignall Place","Belconnen","26/09/2021 - Sunday","2:40pm","3:20pm","Monitor",-35.242649,149.063961,"<strong/>!Location has more than<br> one entry. Zoom in and search table!</strong/>",TRUE
"","Coles Manuka","Franklin Street and Flinders Way","Griffith","26/09/2021 - Sunday","1:45pm","2:15pm","Monitor",-35.3210247,149.1342196,"",FALSE
"","Corks Liquor","18 Norman Lindsay Street","Conder","26/09/2021 - Sunday","3:35pm","4:15pm","Monitor",-35.4583852,149.0934312,"",FALSE
"","Department of Social Services (Level 3)","Enid Lyons Building, 71 Athllon Drive","Greenway","26/09/2021 - Sunday","8:30am","5:00pm","Casual",-35.4195632,149.0645904,"",FALSE
"","Domino's Pizza Conder","3/5 Sidney Nolan Street","Conder","26/09/2021 - Sunday","6:35pm","7:10pm","Monitor",-35.4568154,149.0932117,"",FALSE
"","Elixir Cafe","Queen Elizabeth Terrace","Parkes","26/09/2021 - Sunday","2:25pm","3:05pm","Monitor",-35.2974191,149.1352154,"",FALSE
"","Gelato Messina Kingston","38 Eyre Street","Kingston","26/09/2021 - Sunday","7:10pm","7:50pm","Monitor",-35.3165027,149.1424467,"",FALSE
"","Grill'd Belconnen","Westfield Belconnen, Benjamin Way","Belconnen","26/09/2021 - Sunday","11:40am","8:30pm","Casual",-35.2380765,149.0651172,"<strong/>!Location has more than<br> one entry. Zoom in and search table!</strong/>",TRUE
"","IGA Chapman","52-60 Perry Drive","Chapman","26/09/2021 - Sunday","9:35am","10:30am","Casual",-35.3556311,149.0405469,"",FALSE
"","Priceline Pharmacy Tuggeranong","South Point Tuggeranong, Anketell Street and Reed Street","Greenway","26/09/2021 - Sunday","1:50pm","2:20pm","Monitor",-35.4159229,149.066668,"",FALSE
"","SPAR Express Ngunnawal","Ngunnawal Local Centre, Wanganeen Avenue","Ngunnawal","26/09/2021 - Sunday","5:35pm","6:15pm","Monitor",-35.173951,149.108155,"",FALSE
"","SUPABARN Kingston","34 Eyre Street","Kingston","26/09/2021 - Sunday","6:50pm","7:40pm","Monitor",-35.3165254,149.1426892,"",FALSE
"","SUPAEXPRESS Kaleen","Gwydir Square, Maribyrnong Avenue","Kaleen","26/09/2021 - Sunday","11:05am","11:40am","Monitor",-35.2337993,149.1029054,"",FALSE
"","TSG Wanniassa","12 Sangster Place","Wanniassa","26/09/2021 - Sunday","12:45pm","1:25pm","Monitor",-35.3911367,149.085645,"",FALSE
"","Woolworths Cooleman Court","Cooleman Court Shopping Centre, Brierly Street","Weston","26/09/2021 - Sunday","7:30pm","8:05pm","Monitor",-35.3412617,149.0526436,"",FALSE
"","Woolworths Kambah","Kambah Village Shopping Centre, Primmer Court","Kambah","26/09/2021 - Sunday","10:20am","11:10am","Casual",-35.3801801,149.0573447,"",FALSE
"","Woolworths Kippax","Kippax Fair Shopping Centre, 26 Hardwick Crescent","Holt","26/09/2021 - Sunday","1:05pm","1:55pm","Monitor",-35.2218013,149.0193613,"",FALSE
"","Woolworths Metro Cameron Avenue","1/6 Grazier Lane","Belconnen","26/09/2021 - Sunday","2:20pm","3:10pm","Monitor",-35.2401725,149.0720313,"",FALSE
"","Zambrero Manuka","18 Flinders Way","Griffith","26/09/2021 - Sunday","5:00pm","5:30pm","Monitor",-35.3208748,149.1341509,"",FALSE
"New","Baby Su","Corner Moore Street and Alinga Street","Canberra City","26/09/2021 - Sunday","1:20pm","1:50pm","Monitor",-35.278453,149.127524,"",FALSE
"New","Bernies From The Bay","33 Charnwood Place","Charnwood","26/09/2021 - Sunday","12:50pm","1:30pm","Monitor",-35.2044537,149.0336138,"",FALSE
"","7-Eleven Melba","2 Chinner Crescent","Melba","25/09/2021 - Saturday","3:30pm","4:05pm","Monitor",-35.2080038,149.0482575,"",FALSE
"","ALDI Cooleman Court","Cooleman Court Shopping Centre, Brierly Street","Weston","25/09/2021 - Saturday","11:45am","12:50pm","Casual",-35.3414467,149.0526149,"",FALSE
"","ALDI Jamison","Jamison Plaza, Bowman Street","Macquarie","25/09/2021 - Saturday","6:10pm","7:00pm","Monitor",-35.2527749,149.0715024,"",FALSE
"","Blackjack Kiosk","Erindale Shopping Centre, 50-68 Comrie Street","Wanniassa","25/09/2021 - Saturday","3:30pm","5:20pm","Casual",-35.4040236,149.0984006,"",FALSE
"","BP Chisholm","3 Benham Street","Chisholm","25/09/2021 - Saturday","9:25am","10:10am","Monitor",-35.4131,149.128225,"",FALSE
"","BP Jamison","Corner Redfern Street and Bowman Street","Macquarie","25/09/2021 - Saturday","5:40pm","6:30pm","Monitor",-35.2531064,149.0732186,"",FALSE
"","Breizh Cafe","15 Edgar Street","Ainslie","25/09/2021 - Saturday","11:50am","12:35pm","Casual",-35.2617066,149.1452012,"",FALSE
"","BWS Cooleman Court","Cooleman Court Shopping Centre, Brierly Street","Weston","25/09/2021 - Saturday","12:25pm","1:00pm","Monitor",-35.3407803,149.052681,"",FALSE
"","Chisholm takeaway","Chisholm Village Shopping Centre, 42 Halley Street","Chisholm","25/09/2021 - Saturday","11:55am","12:50pm","Casual",-35.414108,149.1288158,"",FALSE
"","Coffee Guru Cooleman Court","Cooleman Court Shopping Centre, Brierly Street","Weston","25/09/2021 - Saturday","12:30pm","1:10pm","Monitor",-35.34125,149.05287,"",FALSE
"","Dockside Eatery Dessert Bar","13/81 Giles Street","Kingston","25/09/2021 - Saturday","11:20am","12:00pm","Monitor",-35.3123839,149.1464197,"",FALSE
"","Grill'd Belconnen","Westfield Belconnen, Benjamin Way","Belconnen","25/09/2021 - Saturday","7:50pm","11:00pm","Casual",-35.2380765,149.0650672,"<strong/>!Location has more than<br> one entry. Zoom in and search table!</strong/>",TRUE
"","Hungry Jacks Belconnen","108 Emu Bank","Belconnen","25/09/2021 - Saturday","11:00am","11:40am","Monitor",-35.2363112,149.0703854,"",FALSE
"","IGA Ngunnawal Platypus","4 Riley Close","Ngunnawal","25/09/2021 - Saturday","2:30pm","3:15pm","Casual",-35.1742242,149.1201284,"",FALSE
"","IGA X-Press Melba","Shop 1, 4-6 Melba Court","Melba","25/09/2021 - Saturday","3:40pm","4:15pm","Monitor",-35.2081529,149.0486515,"",FALSE
"","Kingston Hotel","73 Canberra Avenue","Griffith","25/09/2021 - Saturday","12:15pm","6:00pm","Monitor",-35.3194444,149.1380556,"",FALSE
"","Liquorland Amaroo","Horse Park Drive","Amaroo","25/09/2021 - Saturday","4:35pm","5:20pm","Monitor",-35.1647474,149.1320713,"",FALSE
"","McDonald’s Belconnen","2 Emu Bank","Belconnen","25/09/2021 - Saturday","6:30pm","7:15pm","Monitor",-35.2399941,149.0744017,"",FALSE
"","McDonald's Erindale","Corner Ricardo Street and McBryde Crescent","Wanniassa","25/09/2021 - Saturday","10:20am","11:15am","Casual",-35.4053191,149.0979273,"",FALSE
"","Metal Mart Fyshwick","53 Collie Street","Fyshwick","25/09/2021 - Saturday","8:45am","9:30am","Monitor",-35.329267,149.1801931,"",FALSE
"","TSG Chisholm","Chisholm Village Shopping Centre, 42 Halley Street","Chisholm","25/09/2021 - Saturday","1:20pm","2:00pm","Monitor",-35.4140008,149.1282207,"",FALSE
"","Woolworths Calwell","Calwell Shopping Centre, 7 Webber Crescent","Calwell","25/09/2021 - Saturday","10:50am","11:30am","Monitor",-35.4346893,149.114787,"<strong/>!Location has more than<br> one entry. Zoom in and search table!</strong/>",TRUE
"","Woolworths Cooleman Court","Cooleman Court Shopping Centre, Brierly Street","Weston","25/09/2021 - Saturday","11:55am","12:15pm","Casual",-35.3412617,149.0528436,"",FALSE
"","Woolworths Cooleman Court","Cooleman Court Shopping Centre, Brierly Street","Weston","25/09/2021 - Saturday","12:15pm","1:00pm","Monitor",-35.3412617,149.0527936,"",FALSE
"","Woolworths Metro Cameron Avenue","1/6 Grazier Lane","Belconnen","25/09/2021 - Saturday","10:30am","11:30am","Close",-35.2401725,149.0720063,"<strong/>!Location has more than<br> one entry. Zoom in and search table!</strong/>",TRUE
"New","Florey Bakery","38 Kesteven Street","Florey","25/09/2021 - Saturday","12:40pm","1:20pm","Monitor",-35.226524,149.0547508,"",FALSE
"New","Woolworths Metro Cameron Avenue","1/6 Grazier Lane","Belconnen","25/09/2021 - Saturday","11:40am","12:50pm","Casual",-35.2401725,149.0719563,"<strong/>!Location has more than<br> one entry. Zoom in and search table!</strong/>",TRUE
"","7 London Circuit, Building B Level 5 Construction Zone","7 London Circuit","Canberra City","24/09/2021 - Friday","6:50am","4:00pm","Close",-35.2816791,149.124883,"",FALSE
"","7-Eleven Holt","88 Hardwick Crescent","Holt","24/09/2021 - Friday","5:10pm","5:50pm","Monitor",-35.2209147,149.0178693,"",FALSE
"","7-Eleven Melba","2 Chinner Crescent","Melba","24/09/2021 - Friday","5:05pm","5:45pm","Monitor",-35.2080038,149.0482825,"",FALSE
"","ACT Law Courts Foyer","6 Knowles Place","Canberra City","24/09/2021 - Friday","11:00am","1:00pm","Casual",-35.2809927,149.1272127,"<strong/>!Location has more than<br> one entry. Zoom in and search table!</strong/>",TRUE
"","BP Braddon","2 Lonsdale Street","Braddon","24/09/2021 - Friday","4:00pm","4:45pm","Monitor",-35.2759009,149.1327897,"",FALSE
"","Bus Route 28 Transport Canberra Code BUS410","Casey Market Town to Casey (Plimsoll Drive)","Public Transport","24/09/2021 - Friday","10:57am","10:59am","Casual",-35.17378,149.096479,"",FALSE
"","Bus Route 28 Transport Canberra Code BUS544","Casey (Whitrod Ave) to Casey (Plimsoll Drive)","Public Transport","24/09/2021 - Friday","9:28am","9:30am","Casual",-35.1594622,149.100567,"",FALSE
"","Bus Route 28 Transport Canberra Code BUS927","Casey (Plimsoll Drive) to Casey (Whitrod Ave)","Public Transport","24/09/2021 - Friday","9:00am","9:03am","Casual",-35.1594622,149.100617,"",FALSE
"","Bus Route 4 Transport Canberra Code BUS509","Woden Interchange to Tuggeranong Interchange","Public Transport","24/09/2021 - Friday","7:50am","8:02am","Casual",-35.3444429,149.0872442,"",FALSE
"","Capital Chemist Wanniassa","12 Sangster Place","Wanniassa","24/09/2021 - Friday","7:25pm","8:05pm","Monitor",-35.3913181,149.0854916,"",FALSE
"","Casey Market Town","15 Kingsland Parade","Casey","24/09/2021 - Friday","10:40am","11:20am","Monitor",-35.17447,149.0959449,"",FALSE
"","Cellarbrations Erindale","1/50 Denigan Street","Wanniassa","24/09/2021 - Friday","2:00pm","3:00pm","Casual",-35.4038487,149.0964993,"",FALSE
"","Chemist Warehouse Woden","24 Corinna Street","Phillip","24/09/2021 - Friday","10:10am","10:50am","Monitor",-35.345342,149.0838302,"",FALSE
"","Coffee Guru Cooleman Court","Cooleman Court Shopping Centre, Brierly Street","Weston","24/09/2021 - Friday","12:15pm","12:55pm","Monitor",-35.34125,149.05282,"",FALSE
"","Coles Express Gungahlin","1 Ginn Street","Gungahlin","24/09/2021 - Friday","8:00pm","9:00pm","Casual",-35.1834139,149.1267488,"",FALSE
"","Coles Supermarket Manuka","Franklin Street and Flinders Way","Griffith","24/09/2021 - Friday","11:00am","12:00pm","Casual",-35.3210247,149.1341696,"",FALSE
"","Cooleman Court Pharmacy","Cooleman Court Shopping Centre, Brierly Street","Weston","24/09/2021 - Friday","6:35pm","7:20pm","Monitor",-35.3414614,149.0531866,"",FALSE
"","CORE Building Group - Mulberry Construction Site","330 Northbourne Avenue","Dickson","24/09/2021 - Friday","6:00am","4:00pm","Close",-35.2552295,149.133488,"",FALSE
"","DKSN Construction Site","21-23 Challis Street","Dickson","24/09/2021 - Friday","6:00am","4:00pm","Close",-35.2502148,149.1346096,"",FALSE
"","Enhance Healthcare Mitchell","141 Flemington Road","Mitchell","24/09/2021 - Friday","12:30pm","2:00pm","Casual",-35.2187767,149.1443481,"",FALSE
"","Grease Monkey Braddon","19 Lonsdale Street","Braddon","24/09/2021 - Friday","9:00am","3:30pm","Casual",-35.2729573,149.1326439,"",FALSE
"","IGA Holt","Holt place","Holt","24/09/2021 - Friday","6:15pm","6:50pm","Monitor",-35.224764,149.0116446,"",FALSE
"","Kukula's Canberra City","122 Bunda Street","Canberra City","24/09/2021 - Friday","6:50pm","7:40pm","Casual",-35.2787068,149.1327961,"",FALSE
"","Liquorland Amaroo","Horse Park Drive","Amaroo","24/09/2021 - Friday","8:30pm","9:10pm","Monitor",-35.1647474,149.1320213,"",FALSE
"","McDonald's Tuggeranong","Cowlishaw Street","Greenway","24/09/2021 - Friday","12:00pm","12:50pm","Monitor",-35.4154799,149.0699657,"",FALSE
"","Metro Petroleum Fyshwick","15 Barrier Street","Fyshwick","24/09/2021 - Friday","5:50pm","6:30pm","Monitor",-35.3291866,149.1728096,"",FALSE
"","South.Point Tuggeranong","Anketell Street and Reed Street","Greenway","24/09/2021 - Friday","7:30am","3:00pm","Monitor",-35.4167822,149.0665067,"",FALSE
"","Supreme Court 1","6 Knowles Place","Canberra City","24/09/2021 - Friday","11:00am","1:00pm","Casual",-35.2809927,149.1271627,"<strong/>!Location has more than<br> one entry. Zoom in and search table!</strong/>",TRUE
"","Ten Tops","17 Iron Knob Street","Fyshwick","24/09/2021 - Friday","10:15am","11:00am","Monitor",-35.3362487,149.1807051,"",FALSE
"","TSG Chisholm","Chisholm Village Shopping Centre, 42 Halley Street","Chisholm","24/09/2021 - Friday","4:10pm","4:55pm","Monitor",-35.4140008,149.1281707,"",FALSE
"","Waiting Area Outside Supreme Court 1","6 Knowles Place","Canberra City","24/09/2021 - Friday","11:00am","1:00pm","Casual",-35.2809927,149.1271127,"<strong/>!Location has more than<br> one entry. Zoom in and search table!</strong/>",TRUE
"","Westpac Dickson","Corner Badham Street and Woolley Street","Dickson","24/09/2021 - Friday","2:15pm","3:00pm","Monitor",-35.249934,149.137674,"",FALSE
"","Westpac Manuka","14 Franklin Street","Griffith","24/09/2021 - Friday","1:00pm","2:30pm","Monitor",-35.320374,149.1330851,"",FALSE
"","Woolworths Belconnen","Westfield Belconnen, Benjamin Way","Belconnen","24/09/2021 - Friday","10:35am","11:10am","Monitor",-35.2386596,149.0654012,"",FALSE
"","Woolworths Cooleman Court","Cooleman Court Shopping Centre, Brierly Street","Weston","24/09/2021 - Friday","11:55am","12:45pm","Casual",-35.3412617,149.0527686,"",FALSE
"","Woolworths Metro Cameron Avenue","1/6 Grazier Lane","Belconnen","24/09/2021 - Friday","11:35am","12:15pm","Monitor",-35.2401725,149.0719313,"",FALSE
"","YourGP@Denman","1 Felstead Vista","Denman Prospect","24/09/2021 - Friday","12:35pm","1:35pm","Casual",-35.2990684,149.0237426,"",FALSE
"New","Woolworths Belconnen","Westfield Belconnen, Benjamin Way","Belconnen","24/09/2021 - Friday","3:15pm","4:00pm","Casual",-35.2386596,149.0652262,"<strong/>!Location has more than<br> one entry. Zoom in and search table!</strong/>",TRUE
"New","Woolworths Metro Cameron Avenue","1/6 Grazier Lane","Belconnen","24/09/2021 - Friday","9:40am","10:15am","Monitor",-35.2401725,149.0719063,"<strong/>!Location has more than<br> one entry. Zoom in and search table!</strong/>",TRUE
"","7 London Circuit, Building B Level 5 Construction Zone","7 London Circuit","Canberra City","23/09/2021 - Thursday","6:50am","4:00pm","Close",-35.2816791,149.124958,"",FALSE
"","80/20 Food Kingston","5/10 Parbery Street","Kingston","23/09/2021 - Thursday","8:00am","2:45pm","Casual",-35.3169003,149.1495419,"",FALSE
"","ALDI Belconnen","Westfield Belconnen, Benjamin Way","Belconnen","23/09/2021 - Thursday","2:35pm","3:15pm","Monitor",-35.2382964,149.0638275,"",FALSE
"","ALDI Conder","9 Sidney Nolan Street","Conder","23/09/2021 - Thursday","4:25pm","5:30pm","Casual",-35.4565418,149.093531,"",FALSE
"","ALDI Gungahlin","Hibberson Street","Gungahlin","23/09/2021 - Thursday","5:00pm","5:45pm","Monitor",-35.1853494,149.1361878,"",FALSE
"","Banks Takeaway","96 Pockett Aveune","Banks","23/09/2021 - Thursday","1:30pm","2:10pm","Monitor",-35.4725362,149.0956092,"",FALSE
"","Bus Route 2 Transport Canberra Code BUS339","Florey to Belconnen Interchange","Public Transport","23/09/2021 - Thursday","5:16pm","5:23pm","Casual",-35.2400019,149.068907,"",FALSE
"","Bus Route 2 Transport Canberra Code BUS423","Belconnen Interchange to Scullin","Public Transport","23/09/2021 - Thursday","8:06am","8:13am","Casual",-35.2400019,149.068957,"",FALSE
"","Bus Route 28 Transport Canberra Code BUS454","Casey to Gungahlin Place","Public Transport","23/09/2021 - Thursday","9:27am","9:45am","Casual",-35.185639,149.135506,"",FALSE
"","Bus Route 28 Transport Canberra Code BUS551","Gungahlin Place to Casey","Public Transport","23/09/2021 - Thursday","10:13am","10:43am","Casual",-35.185639,149.135456,"",FALSE
"","Cellarbrations Gungahlin","24-30 Ernest Cavanagh Street","Gungahlin","23/09/2021 - Thursday","3:10pm","3:45pm","Monitor",-35.1840542,149.1312075,"",FALSE
"","Chemist Warehouse Gungahlin","30 Hibberson Street","Gungahlin","23/09/2021 - Thursday","4:00pm","4:30pm","Monitor",-35.1856574,149.1328987,"",FALSE
"","Chemist Warehouse Gungahlin","30 Hibberson Street","Gungahlin","23/09/2021 - Thursday","7:20pm","8:00pm","Monitor",-35.1856574,149.1328737,"",FALSE
"","Coles Belconnen","Westfield Belconnen, Benjamin Way","Belconnen","23/09/2021 - Thursday","2:25pm","3:15pm","Monitor",-35.237949,149.064812,"",FALSE
"","Coles Woden","Westfield Woden, Keltie Street","Phillip","23/09/2021 - Thursday","12:10pm","1:00pm","Casual",-35.3468528,149.0853028,"",FALSE
"","Cooleman Court Pharmacy","Cooleman Court Shopping Centre, Brierly Street","Weston","23/09/2021 - Thursday","2:55pm","3:40pm","Monitor",-35.3414614,149.0530866,"",FALSE
"","Cooleman Court Pharmacy","Cooleman Court Shopping Centre, Brierly Street","Weston","23/09/2021 - Thursday","5:35pm","6:45pm","Casual",-35.3414614,149.0531366,"",FALSE
"","CORE Building Group - Mulberry Construction Site","330 Northbourne Avenue","Dickson","23/09/2021 - Thursday","6:00am","4:00pm","Close",-35.2552295,149.133438,"",FALSE
"","Deji Asian Supermarket","15 Woolley Street","Dickson","23/09/2021 - Thursday","1:00pm","1:40pm","Monitor",-35.2506251,149.136379,"",FALSE
"","DKSN Construction Site","21-23 Challis Street","Dickson","23/09/2021 - Thursday","6:00am","4:00pm","Close",-35.2502148,149.1345596,"",FALSE
"","Gungahlin Medical and Surgical Centre","Gungahlin Village, Gungahlin Place","Gungahlin","23/09/2021 - Thursday","4:10pm","5:00pm","Casual",-35.186443,149.1350531,"",FALSE
"","IGA Banks","Pockett Avenue and Brockway Street","Banks","23/09/2021 - Thursday","8:30am","9:10am","Monitor",-35.4725,149.0956306,"",FALSE
"","IGA Banks","Pockett Avenue and Brockway Street","Banks","23/09/2021 - Thursday","1:25pm","2:10pm","Monitor",-35.4725,149.0955556,"",FALSE
"","IGA Banks","Pockett Avenue and Brockway Street","Banks","23/09/2021 - Thursday","6:50pm","7:40pm","Monitor",-35.4725,149.0955806,"",FALSE
"","IGA Chapman","52-60 Perry Drive","Chapman","23/09/2021 - Thursday","6:15pm","7:00pm","Monitor",-35.3556311,149.0405219,"",FALSE
"","Ocean Fresh Seafoods","Fresh Food Markets, 12 Dalby Street","Fyshwick","23/09/2021 - Thursday","8:55am","9:40am","Monitor",-35.3230825,149.1551871,"",FALSE
"","Sea Harvest Fyshwick","Fresh Food Markets, 12 Dalby Street","Fyshwick","23/09/2021 - Thursday","8:25am","9:05am","Monitor",-35.3240617,149.1555213,"",FALSE
"","Subway Dickson","Shop 1/71-81 Woolley Street","Dickson","23/09/2021 - Thursday","9:50am","10:35am","Monitor",-35.249573,149.1372542,"",FALSE
"","SUPABARN Kingston","34 Eyre Street","Kingston","23/09/2021 - Thursday","5:25pm","6:30pm","Casual",-35.3165254,149.1426392,"",FALSE
"","T & E Asian Grocery","Fresh Food Markets, 12 Dalby Street","Fyshwick","23/09/2021 - Thursday","8:30am","9:15am","Monitor",-35.3241608,149.1547409,"",FALSE
"","The Spence Grocer","1 Glassey Place","Spence","23/09/2021 - Thursday","2:05pm","2:50pm","Monitor",-35.1947447,149.0615733,"",FALSE
"","Trugolds Fruit & Vegetables","Fresh Food Markets, 12 Dalby Street","Fyshwick","23/09/2021 - Thursday","8:40am","9:30am","Monitor",-35.3236905,149.154599,"",FALSE
"","Westfield Belconnen","Benjamin Way","Belconnen","23/09/2021 - Thursday","2:20pm","3:30pm","Monitor",-35.2380765,149.0651172,"",FALSE
"","Woolworths Belconnen","Westfield Belconnen, Benjamin Way","Belconnen","23/09/2021 - Thursday","11:20am","12:00pm","Monitor",-35.2386596,149.0653762,"",FALSE
"","Woolworths Belconnen","Westfield Belconnen, Benjamin Way","Belconnen","23/09/2021 - Thursday","2:30pm","3:15pm","Monitor",-35.2386596,149.0653512,"",FALSE
"","Woolworths Dickson","1 Dickson Place","Dickson","23/09/2021 - Thursday","3:40pm","4:30pm","Casual",-35.249974,149.1386501,"",FALSE
"","Woolworths Gungahlin","30-33 Hibberson Street","Gungahlin","23/09/2021 - Thursday","9:45am","10:40am","Casual",-35.1846274,149.1340641,"",FALSE
"","Woolworths Gungahlin","30/33 Hibberson Street","Gungahlin","23/09/2021 - Thursday","8:50pm","9:45pm","Casual",-35.1846274,149.1339891,"",FALSE
"","Woolworths Metro Franklin","Corner Flemington Road and Nullarbor Avenue","Franklin","23/09/2021 - Thursday","2:45pm","3:30pm","Monitor",-35.2000983,149.1489268,"",FALSE
"New","Bean Origin","5/32 Nettlefold Street","Belconnen","23/09/2021 - Thursday","10:15am","10:50am","Monitor",-35.2412683,149.0587473,"",FALSE
"New","Florey Pharmacy","2 Kesteven Street","Florey","23/09/2021 - Thursday","5:25pm","6:00pm","Monitor",-35.2263018,149.0544155,"",FALSE
"New","Guzman y Gomez Belconnen","Westfield Belconnen, Benjamin Way","Belconnen","23/09/2021 - Thursday","7:00pm","7:50pm","Monitor",-35.2381037,149.0648243,"",FALSE
"New","Mitchell Automotive Centre","22 Brookes Street","Mitchell","23/09/2021 - Thursday","9:45am","10:30am","Monitor",-35.2190528,149.1419418,"<strong/>!Location has more than<br> one entry. Zoom in and search table!</strong/>",TRUE
"New","SUPAEXPRESS Florey","1/26 Kesteven Street","Florey","23/09/2021 - Thursday","6:50pm","7:30pm","Monitor",-35.2263914,149.0544519,"<strong/>!Location has more than<br> one entry. Zoom in and search table!</strong/>",TRUE
"","7 London Circuit, Building B Level 5 Construction Zone","7 London Circuit","Canberra City","22/09/2021 - Wednesday","6:50am","4:00pm","Close",-35.2816791,149.124908,"",FALSE
"","7-Eleven Fyshwick","149 Canberra Aveune","Fyshwick","22/09/2021 - Wednesday","3:30pm","4:30pm","Monitor",-35.3253108,149.1537932,"",FALSE
"","7-Eleven Melba","2 Chinner Cresent","Melba","22/09/2021 - Wednesday","7:40am","8:25am","Monitor",-35.2080038,149.0482325,"",FALSE
"","80/20 Food Kingston","5/10 Parbery Street","Kingston","22/09/2021 - Wednesday","7:00am","2:45pm","Casual",-35.3169003,149.1494919,"",FALSE
"","AA Sandblasting Fyshwick","26 Cessnock Street","Fyshwick","22/09/2021 - Wednesday","3:30pm","4:30pm","Monitor",-35.319778,149.170863,"",FALSE
"","ALDI Conder","9 Sidney Nolan Street","Conder","22/09/2021 - Wednesday","9:00am","9:55am","Casual",-35.4565418,149.093506,"",FALSE
"","Ampol Foodary Weston","49 Brierly Street","Weston","22/09/2021 - Wednesday","7:30am","8:15am","Monitor",-35.3402449,149.0520681,"",FALSE
"","Belconnen Post Shop - PO Boxes Area","20 Benjamin Way","Belconnen","22/09/2021 - Wednesday","9:40am","10:20am","Monitor",-35.238743,149.0661145,"",FALSE
"","Bestore Mitchell","109 Flemingston Road","Mitchell","22/09/2021 - Wednesday","11:30am","12:00pm","Monitor",-35.2203462,149.143965,"",FALSE
"","Bunnings Tuggeranong","Anketell Street","Greenway","22/09/2021 - Wednesday","11:20am","12:00pm","Monitor",-35.4218444,149.0711101,"",FALSE
"","Cafe Alibi","5 Farrell Place","Canberra City","22/09/2021 - Wednesday","9:00am","9:40am","Monitor",-35.2811641,149.1245881,"",FALSE
"","Cafe Alibi","5 Farrell Place","Canberra City","22/09/2021 - Wednesday","12:35pm","1:20pm","Monitor",-35.2811641,149.1245381,"",FALSE
"","Calvary Haydon Retirement Community Aged Care Facility (Mary Potter Household only) – Visitors Only","2 Jaeger Circuit","Bruce","22/09/2021 - Wednesday","12:00am","11:59pm","Close",-35.250192,149.088172,"",FALSE
"","Calvary Haydon Retirement Community Aged Care Facility (refer to Close Contacts entry if attended Mary Potter or St Teresa Household) – Visitors Only","2 Jaeger Circuit","Bruce","22/09/2021 - Wednesday","12:00am","11:59pm","Casual",-35.250192,149.088222,"",FALSE
"","Calvary Haydon Retirement Community Aged Care Facility (St. Teresa Household only) – Visitors Only","2 Jaeger Circuit","Bruce","22/09/2021 - Wednesday","12:00am","7:00am","Close",-35.250192,149.088122,"",FALSE
"","Coffee Guru Cooleman Court","Cooleman Court Shopping Centre, Brierly Street","Weston","22/09/2021 - Wednesday","9:00am","9:45am","Monitor",-35.34125,149.05277,"",FALSE
"","Coffee Guru Wanniassa","Shop 1/12 Sangster Place","Wanniassa","22/09/2021 - Wednesday","12:20pm","12:50pm","Monitor",-35.3911367,149.08572,"",FALSE
"","Coffee Guru Wanniassa","Shop 1/12 Sangster Place","Wanniassa","22/09/2021 - Wednesday","2:00pm","2:30pm","Monitor",-35.3911367,149.08567,"",FALSE
"","Coles Express Charnwood","Lhotsky Street and Charnwood Place","Charnwood","22/09/2021 - Wednesday","4:10pm","4:40pm","Monitor",-35.2056325,149.0332822,"",FALSE
"","Coles Wanniassa","12 Sangster Place","Wanniassa","22/09/2021 - Wednesday","2:00pm","2:30pm","Monitor",-35.3912889,149.0855222,"",FALSE
"","Communities@Work Kambah - Taylor Child Care and Education Centre","88 Marconi Crescent","Kambah","22/09/2021 - Wednesday","7:00am","2:30pm","Casual",-35.378526,149.0641174,"",FALSE
"","Cooleman Court Shopping Centre","Cooleman Court Shopping Centre, Brierly Street","Weston","22/09/2021 - Wednesday","9:00am","9:45am","Monitor",-35.3412617,149.0527436,"",FALSE
"","Daily Market Gungahlin","137/43 Hibberson Street","Gungahlin","22/09/2021 - Wednesday","12:00pm","12:30pm","Monitor",-35.1854965,149.1363642,"",FALSE
"","DKSN Construction Site","21-23 Challis Street","Dickson","22/09/2021 - Wednesday","6:50am","4:00pm","Close",-35.2502148,149.1345096,"",FALSE
"","Hawker Butchery and Bonza Bangers","78 Hawker Place","Hawker","22/09/2021 - Wednesday","12:30pm","1:20pm","Monitor",-35.2434774,149.0435549,"",FALSE
"","Hello Sexy","127-129 Wollongong Street","Fyshwick","22/09/2021 - Wednesday","11:40am","12:30pm","Casual",-35.3224792,149.1759038,"",FALSE
"","IGA Banks","Pockett Avenue and Brockway Street","Banks","22/09/2021 - Wednesday","10:30am","11:10am","Monitor",-35.4725,149.0955306,"",FALSE
"","IGA Banks","Pockett Avenue and Brockway Street","Banks","22/09/2021 - Wednesday","6:30pm","7:15pm","Monitor",-35.4725,149.0954806,"",FALSE
"","IGA Isabella Plains","6/131 Ellerston Aveune","Isabella Plains","22/09/2021 - Wednesday","9:40am","10:20am","Monitor",-35.4286142,149.0915552,"",FALSE
"","IGA X-press East Row","22-58 East Row","Canberra City","22/09/2021 - Wednesday","3:45pm","4:35pm","Monitor",-35.2791945,149.1306937,"",FALSE
"","Kingsley's Chicken Lanyon","Lanyon Marketplace, 4 Sidney Nolan Street","Conder","22/09/2021 - Wednesday","7:30pm","8:10pm","Monitor",-35.457282,149.0925689,"",FALSE
"","Metro Petroleum Mitchell","Lysaght Street","Mitchell","22/09/2021 - Wednesday","6:15am","7:00am","Monitor",-35.2154233,149.1424858,"",FALSE
"","Mocca Espresso Lounge","18 Marcus Clarke Street","Canberra City","22/09/2021 - Wednesday","8:00am","9:00am","Casual",-35.2817006,149.1242782,"",FALSE
"","Mocca Espresso Lounge","18 Marcus Clarke Street","Canberra City","22/09/2021 - Wednesday","9:00am","9:45am","Monitor",-35.2817006,149.1242282,"",FALSE
"","Mocca Espresso Lounge","18 Marcus Clarke Street","Canberra City","22/09/2021 - Wednesday","12:40pm","1:25pm","Monitor",-35.2817006,149.1241782,"",FALSE
"","South.Point Tuggeranong","Anketell Street and Reed Street","Greenway","22/09/2021 - Wednesday","12:30pm","4:30pm","Monitor",-35.4167822,149.0664817,"",FALSE
"","SUPABARN Casey","Casey Market Town, 15 Kingsland Parade","Casey","22/09/2021 - Wednesday","7:00pm","8:05pm","Casual",-35.1741413,149.0960254,"",FALSE
"","Vina Groceries","135/56 Ernest Cavanagh Street","Gungahlin","22/09/2021 - Wednesday","5:45pm","6:50pm","Casual",-35.1847931,149.136494,"",FALSE
"","Woolworths Belconnen","Westfield Belconnen, Benjamin Way","Belconnen","22/09/2021 - Wednesday","12:45pm","1:30pm","Monitor",-35.2386596,149.0653262,"<strong/>!Location has more than<br> one entry. Zoom in and search table!</strong/>",TRUE
"","Woolworths Charnwood","25-30 Charnwood Place","Charnwood","22/09/2021 - Wednesday","4:15pm","4:45pm","Monitor",-35.2045295,149.0328578,"",FALSE
"","Woolworths Conder","Lanyon Marketplace, 4 Sidney Nolan Street","Conder","22/09/2021 - Wednesday","9:25am","10:15am","Casual",-35.457644,149.092661,"",FALSE
"","Woolworths Cooleman Court","Cooleman Court Shopping Centre, Brierly Street","Weston","22/09/2021 - Wednesday","12:15pm","1:15pm","Casual",-35.3412617,149.0526936,"<strong/>!Location has more than<br> one entry. Zoom in and search table!</strong/>",TRUE
"","Woolworths Gungahlin","30/33 Hibberson Street","Gungahlin","22/09/2021 - Wednesday","7:15am","8:00am","Monitor",-35.1846274,149.1340141,"",FALSE
"","Woolworths Kambah","Kambah Village Shopping Centre, Primmer Court","Kambah","22/09/2021 - Wednesday","7:20am","8:15am","Casual",-35.3801801,149.0572947,"",FALSE
"New","King Arthur's feast","7/32 Sandford Street","Mitchell","22/09/2021 - Wednesday","8:10am","8:40am","Monitor",-35.2203571,149.1404613,"",FALSE
"New","Mitchell Automotive Centre","22 Brookes Street","Mitchell","22/09/2021 - Wednesday","8:00am","8:30am","Monitor",-35.2190528,149.1418918,"<strong/>!Location has more than<br> one entry. Zoom in and search table!</strong/>",TRUE
"New","North Lyneham Mini Mart","3 Colville Street","Lyneham","22/09/2021 - Wednesday","2:45pm","3:00pm","Monitor",-35.2401434,149.1250791,"",FALSE
"New","SUPAEXPRESS Florey","1/26 Kesteven Street","Florey","22/09/2021 - Wednesday","2:25pm","3:10pm","Monitor",-35.2263914,149.0544019,"<strong/>!Location has more than<br> one entry. Zoom in and search table!</strong/>",TRUE
"New","Woolworths Belconnen","Westfield Belconnen, Benjamin Way","Belconnen","22/09/2021 - Wednesday","2:55pm","4:00pm","Casual",-35.2386596,149.0651762,"<strong/>!Location has more than<br> one entry. Zoom in and search table!</strong/>",TRUE
"","7 London Circuit, Building B Level 5 Construction Zone","7 London Circuit, City","Canberra City","21/09/2021 - Tuesday","6:50am","4:00pm","Close",-35.2816791,149.124858,"",FALSE
"","80/20 Food Kingston","5/10 Parbery Street","Kingston","21/09/2021 - Tuesday","7:00am","2:45pm","Casual",-35.3169003,149.1494419,"",FALSE
"","ALDI Cooleman Court","Cooleman Court Shopping Centre, Brierly Street","Weston","21/09/2021 - Tuesday","1:35pm","2:20pm","Monitor",-35.3414467,149.0525649,"",FALSE
"","ALDI Jamison","Jamison Plaza, Bowman Street","Macquarie","21/09/2021 - Tuesday","2:05pm","2:50pm","Monitor",-35.2527749,149.0714524,"",FALSE
"","Amaroo Village Shopping Centre","11 Pioneer Street","Amaroo","21/09/2021 - Tuesday","1:10pm","2:15pm","Monitor",-35.1646953,149.1316822,"",FALSE
"","Bakers Delight Cooleman Court","Cooleman Court Shopping Centre, Brierly Street","Weston","21/09/2021 - Tuesday","3:10pm","3:45pm","Monitor",-35.3412268,149.0527689,"",FALSE
"","Bus Route 2 Transport Canberra Code BUS476","ANU to Westfield Belconnen","Public Transport","21/09/2021 - Tuesday","10:14am","10:28am","Casual",-35.2380765,149.0650422,"",FALSE
"","Bus Route 3 Transport Canberra Code BUS595","Westfield Belconnen to ANU","Public Transport","21/09/2021 - Tuesday","9:14am","9:29am","Casual",-35.2380765,149.0651422,"",FALSE
"","Bus Route 3 Transport Canberra Code BUS595","Westfield Belconnen to Florey","Public Transport","21/09/2021 - Tuesday","10:55am","11:01am","Casual",-35.2380765,149.0650172,"<strong/>!Location has more than<br> one entry. Zoom in and search table!</strong/>",TRUE
"","Bus Route 41 Transport Canberra Code BUS374","Florey to Westfield Belconnen","Public Transport","21/09/2021 - Tuesday","9:08am","9:14am","Casual",-35.2380765,149.0651672,"",FALSE
"","Cafe Au Lait Cooleman Court","Cooleman Court Shopping Centre, Brierly Street","Weston","21/09/2021 - Tuesday","2:40pm","3:10pm","Monitor",-35.3415323,149.052843,"",FALSE
"","Caltex (EG Fuel) Conder","Tharwa Drive","Conder","21/09/2021 - Tuesday","4:00pm","4:30pm","Monitor",-35.4582538,149.0917291,"",FALSE
"","Calvary Haydon Retirement Community Aged Care Facility (Mary Potter Household only) – Visitors Only","2 Jaeger Circuit","Bruce","21/09/2021 - Tuesday","12:00am","11:59pm","Close",-35.250192,149.088022,"",FALSE
"","Calvary Haydon Retirement Community Aged Care Facility (refer to Close Contacts entry if attended Mary Potter or St Teresa Household) – Visitors Only","2 Jaeger Circuit","Bruce","21/09/2021 - Tuesday","12:00am","11:59pm","Casual",-35.250192,149.088072,"",FALSE
"","Calvary Haydon Retirement Community Aged Care Facility (St. Teresa Household only) – Visitors Only","2 Jaeger Circuit","Bruce","21/09/2021 - Tuesday","10:30pm","11:59pm","Close",-35.250192,149.087972,"",FALSE
"","Capital Chemist Kambah","Kambah Village Shopping Centre, Primmer Court","Kambah","21/09/2021 - Tuesday","9:00am","9:45am","Monitor",-35.3803225,149.0577223,"",FALSE
"","Capital Chemist University of Canberra","Building 28, Allawoona Street and Ginninderra Drive","Bruce","21/09/2021 - Tuesday","12:20pm","1:05pm","Monitor",-35.2347083,149.0877324,"",FALSE
"","Chemist Warehouse Woden","24 Corinna Street","Phillip","21/09/2021 - Tuesday","7:15pm","8:30pm","Monitor",-35.345342,149.0837802,"",FALSE
"","Coffee Guru Amaroo","11 Pioneer Street","Amaroo","21/09/2021 - Tuesday","1:35pm","2:15pm","Monitor",-35.164832,149.1324217,"",FALSE
"","Coles Amaroo","Horse Park Drive","Amaroo","21/09/2021 - Tuesday","1:10pm","2:00pm","Casual",-35.1646128,149.1318816,"",FALSE
"","Coles Express Gungahlin","1 Ginn Street","Gungahlin","21/09/2021 - Tuesday","10:30pm","11:10pm","Monitor",-35.1834139,149.1267738,"",FALSE
"","Coles Jamison","Jamison Plaza, Bowman Street","Macquarie","21/09/2021 - Tuesday","1:40pm","2:35pm","Casual",-35.2528076,149.0713598,"",FALSE
"","Cooleman Court Shopping Centre","Cooleman Court Shopping Centre, Brierly Street","Weston","21/09/2021 - Tuesday","1:30pm","2:30pm","Monitor",-35.3412617,149.0526436,"<strong/>!Location has more than<br> one entry. Zoom in and search table!</strong/>",TRUE
"","Cooleman Court Shopping Centre","Cooleman Court Shopping Centre, Brierly Street","Weston","21/09/2021 - Tuesday","3:00pm","4:00pm","Monitor",-35.3412617,149.0526436,"<strong/>!Location has more than<br> one entry. Zoom in and search table!</strong/>",TRUE
"","Guardian Pharmacy Belconnen","Westfield Belconnen, Benjamin Way","Belconnen","21/09/2021 - Tuesday","12:45pm","1:30pm","Monitor",-35.2375421,149.0669633,"",FALSE
"","KFC Tuggeranong","133 Reed Street","Greenway","21/09/2021 - Tuesday","6:35pm","7:15pm","Monitor",-35.4159332,149.0701953,"",FALSE
"","Kitchen King Grocers","14-16 Colbee Court","Phillip","21/09/2021 - Tuesday","2:50pm","3:35pm","Monitor",-35.3521283,149.0872725,"",FALSE
"","Million Dollar Kiosk","Westfield Belconnen, Benjamin Way","Belconnen","21/09/2021 - Tuesday","10:00am","11:00am","Monitor",-35.2382585,149.0655379,"",FALSE
"","Mocca Espresso Lounge","18 Marcus Clarke Street","Canberra City","21/09/2021 - Tuesday","9:05am","9:50am","Monitor",-35.2817006,149.1241282,"",FALSE
"","Mocca Espresso Lounge","18 Marcus Clarke Street","Canberra City","21/09/2021 - Tuesday","12:10pm","12:55pm","Monitor",-35.2817006,149.1240782,"",FALSE
"","Next Practice Deakin","2/4 Makin Place","Deakin","21/09/2021 - Tuesday","1:45pm","2:50pm","Casual",-35.3215122,149.0928574,"",FALSE
"","Priceline Pharmacy Woden","Westfield Woden, Keltie Street","Phillip","21/09/2021 - Tuesday","11:05am","11:50am","Monitor",-35.3461736,149.0846236,"",FALSE
"","Sakeena's Cafe","Cooleman Court Shopping Centre, Brierly Street","Weston","21/09/2021 - Tuesday","3:00pm","3:40pm","Monitor",-35.3417649,149.052915,"",FALSE
"","St. George Bank Cooleman Court","Cooleman Court Shopping Centre, Brierly Street","Weston","21/09/2021 - Tuesday","1:35pm","2:15pm","Monitor",-35.3411125,149.0525899,"",FALSE
"","The Reject Shop Belconnen","Westfield Belconnen, Benjamin Way","Belconnen","21/09/2021 - Tuesday","11:55am","1:00pm","Casual",-35.2384007,149.0664341,"",FALSE
"","Weston Creek Medical Practice","Cooleman Court Shopping Centre, Brierly Street","Weston","21/09/2021 - Tuesday","2:45pm","3:30pm","Casual",-35.3412617,149.0525936,"<strong/>!Location has more than<br> one entry. Zoom in and search table!</strong/>",TRUE
"","Woolworths Belconnen","Westfield Belconnen, Benjamin Way","Belconnen","21/09/2021 - Tuesday","10:00am","12:00pm","Casual",-35.2386596,149.0652762,"<strong/>!Location has more than<br> one entry. Zoom in and search table!</strong/>",TRUE
"","Woolworths Belconnen","Westfield Belconnen, Benjamin Way","Belconnen","21/09/2021 - Tuesday","12:55pm","2:00pm","Casual",-35.2386596,149.0652762,"<strong/>!Location has more than<br> one entry. Zoom in and search table!</strong/>",TRUE
"","Woolworths Conder","Lanyon Marketplace, 4 Sidney Nolan Street","Conder","21/09/2021 - Tuesday","10:30am","11:10am","Monitor",-35.457644,149.092536,"",FALSE
"","Woolworths Cooleman Court","Cooleman Court, Brierly Street","Weston","21/09/2021 - Tuesday","3:10pm","3:40pm","Monitor",-35.3412617,149.0525686,"",FALSE
"","Woolworths Metro Franklin","Corner Flemington Road and Nullarbor Avenue","Franklin","21/09/2021 - Tuesday","1:10pm","2:00pm","Monitor",-35.2000983,149.1488518,"",FALSE
"","Woolworths Metro Franklin","Corner Flemington Road and Nullarbor Avenue","Franklin","21/09/2021 - Tuesday","2:50pm","3:30pm","Monitor",-35.2000983,149.1489018,"",FALSE
"","Woolworths Woden","Westfield Woden, Keltie Street","Phillip","21/09/2021 - Tuesday","7:00am","7:40am","Monitor",-35.3463199,149.0860326,"",FALSE
"","Woolworths Woden","Westfield Woden, Keltie Street","Phillip","21/09/2021 - Tuesday","10:50am","11:40am","Monitor",-35.3463199,149.0860826,"",FALSE
"","7 London Circuit, Building B Level 5 Construction Zone","7 London Circuit, City","Canberra City","20/09/2021 - Monday","6:50am","4:00pm","Close",-35.2816791,149.124808,"",FALSE
"","7-Eleven Holt","88 Hardwick Crescent","Holt","20/09/2021 - Monday","1:00pm","1:30pm","Monitor",-35.2209147,149.0178693,"<strong/>!Location has more than<br> one entry. Zoom in and search table!</strong/>",TRUE
"","7-Eleven Spence","2 Glassey Place","Spence","20/09/2021 - Monday","4:30pm","5:00pm","Monitor",-35.1947608,149.062332,"",FALSE
"","80/20 Food Kingston","5/10 Parbery Street","Kingston","20/09/2021 - Monday","7:00am","2:45pm","Casual",-35.3169003,149.1493919,"",FALSE
"","ALDI Casey","Casey Market Town, 15 Kingsland Parade","Casey","20/09/2021 - Monday","3:00pm","4:00pm","Monitor",-35.1743467,149.0960384,"",FALSE
"","Ampol Foodary Weston","49 Brierly Street","Weston","20/09/2021 - Monday","2:05pm","2:45pm","Monitor",-35.3402449,149.0520431,"",FALSE
"","B&B Emporium Casey","Casey Market Town, 15 Kingsland Parade","Casey","20/09/2021 - Monday","3:00pm","4:00pm","Monitor",-35.17447,149.0960199,"",FALSE
"","Bakers Delight Lanyon","Lanyon Marketplace, 4 Sidney Nolan Street","Conder","20/09/2021 - Monday","5:00pm","5:45pm","Monitor",-35.4573663,149.0923039,"",FALSE
"","Bus Route 3 Transport Canberra Code BUS431","Florey to ANU","Public Transport","20/09/2021 - Monday","9:08am","9:26am","Casual",-35.2776999,149.118602,"",FALSE
"","Calvary Haydon Retirement Community Aged Care Facility (Mary Potter Household only) – Visitors Only","2 Jaeger Circuit","Bruce","20/09/2021 - Monday","12:00am","11:59pm","Close",-35.250192,149.087872,"",FALSE
"","Calvary Haydon Retirement Community Aged Care Facility (refer to Close Contacts entry if attended Mary Potter or St Teresa Household) – Visitors Only","2 Jaeger Circuit","Bruce","20/09/2021 - Monday","12:00am","11:59pm","Casual",-35.250192,149.087922,"",FALSE
"","Calvary Haydon Retirement Community Aged Care Facility (St. Teresa Household only) – Visitors Only","2 Jaeger Circuit","Bruce","20/09/2021 - Monday","12:00am","7:00am","Close",-35.250192,149.087822,"",FALSE
"","Capital Chemist University of Canberra","Building 28, Allawoona Street and Ginninderra Drive","Bruce","20/09/2021 - Monday","9:30am","10:10am","Monitor",-35.2347083,149.0876824,"",FALSE
"","CAPS Clinic (360UV Skin Cancer Clinic on Level 1 only)","7 Phipps Close","Deakin","20/09/2021 - Monday","8:00am","5:10pm","Casual",-35.32627,149.094421,"",FALSE
"","CAPS Clinic (CAPS Offices on Level 1 only)","7 Phipps Close","Deakin","20/09/2021 - Monday","8:00am","5:10pm","Close",-35.32627,149.094371,"",FALSE
"","CAPS Clinic (Sole'vita Hospital on Ground Level only)","7 Phipps Close","Deakin","20/09/2021 - Monday","4:20pm","5:10pm","Casual",-35.32627,149.094321,"",FALSE
"","Coffee Guru Jamison","Jamison Plaza, Bowman Street","Macquarie","20/09/2021 - Monday","11:45am","12:30pm","Monitor",-35.253009,149.0706677,"",FALSE
"","Coles Amaroo","Horse Park Drive","Amaroo","20/09/2021 - Monday","2:35pm","3:20pm","Casual",-35.1646128,149.1318066,"",FALSE
"","Coles Canberra Centre","Canberra Centre, 148 Bunda Street","Canberra City","20/09/2021 - Monday","5:00pm","5:30pm","Monitor",-35.2802271,149.1334059,"",FALSE
"","Coles Express Charnwood","Lhotsky Street and Charnwood Place","Charnwood","20/09/2021 - Monday","11:00am","11:45am","Monitor",-35.2056325,149.0332322,"",FALSE
"","Coles Express Gungahlin","1 Ginn Street","Gungahlin","20/09/2021 - Monday","9:45am","10:45am","Casual",-35.1834139,149.1267238,"",FALSE
"","Coles Woden","Westfield Woden, Keltie Street","Phillip","20/09/2021 - Monday","10:10am","10:50am","Monitor",-35.3468528,149.0852778,"",FALSE
"","Coles Woden","Westfield Woden, Keltie Street","Phillip","20/09/2021 - Monday","6:35pm","7:35pm","Casual",-35.3468528,149.0853278,"",FALSE
"","Donut King Jamison","Jamison Plaza, Bowman Street","Macquarie","20/09/2021 - Monday","10:30am","11:00am","Monitor",-35.2527607,149.0712041,"",FALSE
"","Hungry Jacks Gungahlin","Ginn Street","Gungahlin","20/09/2021 - Monday","9:45am","10:45am","Monitor",-35.1834112,149.1267535,"",FALSE
"","Lanyon Newsagency & Gift shop","Lanyon Marketplace, 4 Sidney Nolan Street","Conder","20/09/2021 - Monday","4:50pm","5:40pm","Monitor",-35.4576067,149.0925166,"",FALSE
"","Subway Conder","Lanyon Marketplace, 4 Sidney Nolan Street","Conder","20/09/2021 - Monday","10:30am","2:30pm","Casual",-35.4572489,149.0925286,"",FALSE
"","SUPABARN Casey","Casey Market Town, 15 Kingsland Parade","Casey","20/09/2021 - Monday","7:50pm","8:30pm","Monitor",-35.1741413,149.0960504,"",FALSE
"","SUPAEXPRESS Watson","5 Watson Place","Watson","20/09/2021 - Monday","1:15pm","2:00pm","Monitor",-35.2388939,149.1535951,"",FALSE
"","SUPAEXPRESS Watson","5 Watson Place","Watson","20/09/2021 - Monday","2:00pm","2:50pm","Casual",-35.2388939,149.1535451,"",FALSE
"","SUPAEXPRESS Watson","5 Watson Place","Watson","20/09/2021 - Monday","5:50pm","6:40pm","Casual",-35.2388939,149.1534951,"",FALSE
"","Watson Pharmacy and Australia Post","1 Watson Place","Watson","20/09/2021 - Monday","1:45pm","2:40pm","Casual",-35.2390405,149.1532445,"",FALSE
"","Watson Pharmacy and LPO","1 Watson Place","Watson","20/09/2021 - Monday","8:50am","9:30am","Monitor",-35.239029,149.153307,"",FALSE
"","Watson Takeaway","5 Watson Place","Watson","20/09/2021 - Monday","10:00am","10:30am","Monitor",-35.2389866,149.1533702,"",FALSE
"","Woolworths Belconnen","Westfield Belconnen, Benjamin Way","Belconnen","20/09/2021 - Monday","12:00pm","1:00pm","Casual",-35.2386596,149.0652262,"<strong/>!Location has more than<br> one entry. Zoom in and search table!</strong/>",TRUE
"","Woolworths Calwell","Calwell Shopping Centre, 7 Webber Crescent","Calwell","20/09/2021 - Monday","1:20pm","2:00pm","Monitor",-35.4346893,149.114712,"",FALSE
"","Woolworths Calwell","Calwell Shopping Centre, 7 Webber Crescent","Calwell","20/09/2021 - Monday","4:40pm","5:30pm","Casual",-35.4346893,149.114737,"<strong/>!Location has more than<br> one entry. Zoom in and search table!</strong/>",TRUE
"","Woolworths Charnwood","25-30 Charnwood Place","Charnwood","20/09/2021 - Monday","8:00pm","9:00pm","Casual",-35.2045295,149.0328828,"",FALSE
"","Woolworths Conder","Lanyon Marketplace, 4 Sidney Nolan Street","Conder","20/09/2021 - Monday","4:50pm","5:40pm","Monitor",-35.457644,149.092586,"",FALSE
"","Woolworths Conder","Lanyon Marketplace, 4 Sidney Nolan Street","Conder","20/09/2021 - Monday","5:00pm","6:00pm","Monitor",-35.457644,149.092386,"",FALSE
"","Woolworths Conder","Lanyon Marketplace, 4 Sidney Nolan Street","Conder","20/09/2021 - Monday","7:00pm","10:00pm","Casual",-35.457644,149.092611,"",FALSE
"","80/20 Food Braddon","1/18 Lonsdale Street","Braddon","19/09/2021 - Sunday","10:50am","11:40am","Monitor",-35.2735344,149.132964,"",FALSE
"","80/20 Food Kingston","5/10 Parbery Street","Kingston","19/09/2021 - Sunday","8:00am","1:45pm","Casual",-35.3169003,149.1493419,"",FALSE
"","ALDI Belconnen","Westfield Belconnen, Benjamin Way","Belconnen","19/09/2021 - Sunday","1:30pm","2:40pm","Casual",-35.2382964,149.0637775,"",FALSE
"","ALDI Chisholm","36 Benham Street","Chisholm","19/09/2021 - Sunday","2:15pm","3:00pm","Monitor",-35.4148128,149.1292936,"<strong/>!Location has more than<br> one entry. Zoom in and search table!</strong/>",TRUE
"","ALDI Conder","9 Sidney Nolan Street","Conder","19/09/2021 - Sunday","5:45pm","6:45pm","Casual",-35.4565418,149.093431,"",FALSE
"","Ali Baba Phillip","6/48 Botany Street","Phillip","19/09/2021 - Sunday","11:50am","12:30pm","Monitor",-35.3500573,149.0888243,"",FALSE
"","Bakers Delight Tuggeranong","Tuggeranong Hyperdrome, Anketell Street","Greenway","19/09/2021 - Sunday","6:00am","9:00am","Casual",-35.4170781,149.0674948,"",FALSE
"","Bus Route 3 Transport Canberra Code BUS625","ANU to Florey","Public Transport","19/09/2021 - Sunday","9:46am","10:01am","Casual",-35.2809368,149.1300092,"",FALSE
"","Bus Route 3 Transport Canberra Code BUS646","Florey to ANU","Public Transport","19/09/2021 - Sunday","9:09am","9:26am","Casual",-35.2776999,149.118552,"",FALSE
"","BWS Belconnen","Westfield Belconnen, Benjamin Way","Belconnen","19/09/2021 - Sunday","1:00pm","2:30pm","Monitor",-35.2394878,149.0654861,"",FALSE
"","Calvary Haydon Retirement Community Aged Care Facility (Mary Potter Household only) – Visitors Only","2 Jaeger Circuit","Bruce","19/09/2021 - Sunday","2:30pm","11:59pm","Close",-35.250192,149.087722,"",FALSE
"","Calvary Haydon Retirement Community Aged Care Facility (refer to Close Contacts entry if attended Mary Potter or St Teresa Household) – Visitors Only","2 Jaeger Circuit","Bruce","19/09/2021 - Sunday","2:30pm","11:59pm","Casual",-35.250192,149.087772,"",FALSE
"","Calvary Haydon Retirement Community Aged Care Facility (St. Teresa Household only) – Visitors Only","2 Jaeger Circuit","Bruce","19/09/2021 - Sunday","10:30pm","11:59pm","Close",-35.250192,149.087672,"",FALSE
"","Coffee Guru Erindale","Erindale Shopping Centre, 50-68 Comrie Street","Wanniassa","19/09/2021 - Sunday","11:30am","12:30pm","Monitor",-35.4036043,149.0985097,"",FALSE
"","Coles Express Belconnen","Lathlain Street and Wignall Place","Belconnen","19/09/2021 - Sunday","7:10am","7:50am","Monitor",-35.242649,149.064061,"",FALSE
"","Cooleman Court Shopping Centre","Cooleman Court Shopping Centre, Brierly Street","Weston","19/09/2021 - Sunday","12:30pm","1:00pm","Monitor",-35.3412617,149.0525436,"",FALSE
"","Elixir Cafe","Queen Elizabeth Terrace","Parkes","19/09/2021 - Sunday","10:30am","11:10am","Monitor",-35.2974191,149.1352404,"",FALSE
"","IGA O'Connor","3 Sargood Street","O'Connor","19/09/2021 - Sunday","7:40pm","8:00pm","Monitor",-35.2641187,149.1222844,"",FALSE
"","KFC Woden","48 Botany Street","Phillip","19/09/2021 - Sunday","1:25pm","2:10pm","Monitor",-35.3493546,149.0887519,"",FALSE
"","Million Dollar Kiosk","Westfield Belconnen, Benjamin Way","Belconnen","19/09/2021 - Sunday","1:00pm","2:30pm","Monitor",-35.2382585,149.0654879,"",FALSE
"","Priceline Pharmacy Gowrie","3 Jeffries Street","Gowrie","19/09/2021 - Sunday","11:00am","12:00pm","Monitor",-35.4136847,149.1096697,"",FALSE
"","Roll'd Belconnen","Westfield Belconnen, Benjamin Way","Belconnen","19/09/2021 - Sunday","2:00pm","3:05pm","Casual",-35.238132,149.064508,"",FALSE
"","Specsavers Belconnen","Westfield Belconnen, Benjamin Way","Belconnen","19/09/2021 - Sunday","1:30pm","2:30pm","Casual",-35.237791,149.066557,"",FALSE
"","SUPABARN Casey","Casey Market Town, 15 Kingsland Parade","Casey","19/09/2021 - Sunday","9:30pm","10:00pm","Monitor",-35.1741413,149.0960004,"",FALSE
"","SUPAEXPRESS Florey","1/26 Kesteven Street","Florey","19/09/2021 - Sunday","6:00pm","7:00pm","Monitor",-35.2263914,149.0543519,"<strong/>!Location has more than<br> one entry. Zoom in and search table!</strong/>",TRUE
"","United Petroleum Amaroo","Katherine Avenue and Horse Park Drive","Amaroo","19/09/2021 - Sunday","5:30pm","6:00pm","Monitor",-35.1644054,149.131181,"",FALSE
"","Westfield Belconnen","Westfield Belconnen, Benjamin Way","Belconnen","19/09/2021 - Sunday","1:30pm","3:00pm","Monitor",-35.2380765,149.0649672,"<strong/>!Location has more than<br> one entry. Zoom in and search table!</strong/>",TRUE
"","Woolworths Belconnen","Westfield Belconnen, Benjamin Way","Belconnen","19/09/2021 - Sunday","1:30pm","3:00pm","Casual",-35.2386596,149.0652262,"<strong/>!Location has more than<br> one entry. Zoom in and search table!</strong/>",TRUE
"","Woolworths Belconnen","Westfield Belconnen, Benjamin Way","Belconnen","19/09/2021 - Sunday","2:00pm","3:00pm","Casual",-35.2386596,149.0651762,"<strong/>!Location has more than<br> one entry. Zoom in and search table!</strong/>",TRUE
"","Woolworths Conder","Lanyon Marketplace, 4 Sidney Nolan Street","Conder","19/09/2021 - Sunday","6:10pm","6:55pm","Casual",-35.457644,149.092561,"",FALSE
"","Woolworths Conder","Lanyon Marketplace, 4 Sidney Nolan Street","Conder","19/09/2021 - Sunday","7:00pm","10:00pm","Casual",-35.457644,149.092461,"",FALSE
"","Woolworths Cooleman Court","Cooleman Court Shopping Centre, Brierly Street","Weston","19/09/2021 - Sunday","5:00pm","6:00pm","Monitor",-35.3412617,149.0524936,"",FALSE
"","Woolworths Erindale","Erindale Shopping Centre, 50-68 Comrie Street","Wanniassa","19/09/2021 - Sunday","10:00am","11:00am","Casual",-35.4035739,149.098802,"",FALSE
"","Woolworths Erindale","Erindale Shopping Centre, 50-68 Comrie Street","Wanniassa","19/09/2021 - Sunday","11:45am","12:30pm","Monitor",-35.4035739,149.098727,"",FALSE
"","Woolworths Metro Franklin","Corner Flemington Road and Nullarbor Avenue","Franklin","19/09/2021 - Sunday","6:45pm","7:50pm","Casual",-35.2000983,149.1488268,"",FALSE
"","BWS Erindale","Erindale Shopping Centre, 50-68 Comrie Street","Wanniassa","18/09/2021 - Saturday","5:30pm","6:00pm","Monitor",-35.4037618,149.0986845,"",FALSE
"","Kingsley’s Chicken Erindale","5/20 Gartside Street","Wanniassa","18/09/2021 - Saturday","12:00pm","2:00pm","Monitor",-35.4057929,149.0997253,"",FALSE
"","Woolworths Cooleman Court","Cooleman Court Shopping Centre, Brierly Street","Weston","18/09/2021 - Saturday","3:30pm","4:30pm","Casual",-35.3412617,149.0524436,"",FALSE
"","Woolworths Erindale","Erindale Shopping Centre, 50-68 Comrie Street","Wanniassa","18/09/2021 - Saturday","5:30pm","6:00pm","Monitor",-35.4035739,149.098677,"",FALSE
