"Status","Exposure.Location","Street","Suburb","Date","Arrival.Time","Departure.Time","Contact","lat","lon","doubles","moved"
"","Optimal Pharmacy Plus Jamison","Jamison Plaza, Bowman Street","Macquarie","08/09/2021 - Wednesday","9:30am","10:15am","Monitor",-35.2527782,149.0718808,"",FALSE
"New","Woolworths Kambah","2 Primmer Court","Kambah","08/09/2021 - Wednesday","3:30pm","5:00pm","Casual",-35.3801801,149.0572697,"",FALSE
"New","Kippax Fair Shopping Centre","26 Hardwick Crescent","Holt","08/09/2021 - Wednesday","5:10pm","6:20pm","Monitor",-35.2218013,149.0194613,"<strong/>!Location has more than<br> one entry. Zoom in and search table!</strong/>",TRUE
"New","The Reject Shop Kippax Fair","Kippax Fair Shopping Centre, Hardwick Crescent","Holt","08/09/2021 - Wednesday","5:10pm","6:00pm","Monitor",-35.2218013,149.0194113,"<strong/>!Location has more than<br> one entry. Zoom in and search table!</strong/>",TRUE
"New","ALDI Kippax Fair","Kippax Fair Shopping Centre, Hardwick Crescent","Holt","08/09/2021 - Wednesday","5:20pm","6:20pm","Casual",-35.2218013,149.0193613,"<strong/>!Location has more than<br> one entry. Zoom in and search table!</strong/>",TRUE
"","Optimal Pharmacy Plus Jamison","Jamison Plaza, Bowman Street","Macquarie","07/09/2021 - Tuesday","7:55am","8:40am","Monitor",-35.2527782,149.0718308,"",FALSE
"New","IBIS Budget Hotel Canberra","15 Tay Street","Watson","07/09/2021 - Tuesday","12:00am","4:00pm","Casual",-35.224856,149.1671233,"",FALSE
"","Optimal Pharmacy Plus Jamison","Jamison Plaza, Bowman Street","Macquarie","06/09/2021 - Monday","9:00am","10:50am","Monitor",-35.2527782,149.0717808,"",FALSE
"","Chatterbox Espresso Bar","40 Cameron Avenue","Belconnen","06/09/2021 - Monday","10:00am","10:45am","Monitor",-35.2412975,149.071078,"",FALSE
"New","IBIS Budget Hotel Canberra","15 Tay Street","Watson","06/09/2021 - Monday","12:00am","11:59pm","Casual",-35.224856,149.1670733,"",FALSE
"New","ABS Census Campus (Level 1)","40 Cameron Avenue","Belconnen","06/09/2021 - Monday","8:40am","5:30pm","Casual",-35.2414537,149.071264,"",FALSE
"New","40 Cameron Avenue (Entire Building)","40 Cameron Avenue","Belconnen","06/09/2021 - Monday","8:40am","5:30pm","Monitor",-35.2412975,149.071028,"",FALSE
"New","Shell Coles Express Charnwood","Lhotsky Street and Charnwood Place","Charnwood","06/09/2021 - Monday","3:10pm","4:10pm","Monitor",-35.2056325,149.0332572,"",FALSE
"","Woolworths Gungahlin","30-33 Hibberson Street","Gungahlin","05/09/2021 - Sunday","12:50pm","2:00pm","Casual",-35.1846274,149.1340641,"",FALSE
"","United Petroleum Amaroo","Katherine and Horse Park Drive","Amaroo","05/09/2021 - Sunday","12:20pm","1:00pm","Monitor",-35.1644054,149.131181,"",FALSE
"","Optimal Pharmacy Plus Jamison","Jamison Plaza, Bowman Street","Macquarie","05/09/2021 - Sunday","9:15am","10:00am","Monitor",-35.2527782,149.0717308,"",FALSE
"","IGA Holt","Holt Place","Holt","05/09/2021 - Sunday","12:50pm","1:40pm","Monitor",-35.224764,149.0116446,"",FALSE
"","7-Eleven Holt","88 Hardwick Crescent","Holt","05/09/2021 - Sunday","8:30pm","10:00pm","Casual",-35.2209147,149.0179193,"",FALSE
"","Coles Curtin","51 Curtin Place","Curtin","05/09/2021 - Sunday","10:30am","12:00pm","Casual",-35.3256387,149.0824128,"",FALSE
"","Pacifik Halal Meats","Shop 141 Ernest Cavanagh Street","Gungahlin","05/09/2021 - Sunday","4:55pm","5:30pm","Monitor",-35.1848047,149.136513,"",FALSE
"","ALDI Gungahlin","Hibberson Street","Gungahlin","05/09/2021 - Sunday","4:55pm","5:30pm","Monitor",-35.1853494,149.1362128,"",FALSE
"New","IBIS Budget Hotel Canberra","15 Tay Street","Watson","05/09/2021 - Sunday","12:00am","11:59pm","Casual",-35.224856,149.1670233,"",FALSE
"","TSG Jamison","Jamison Plaza, Bowman Street","Macquarie","04/09/2021 - Saturday","10:30am","11:30am","Monitor",-35.2524401,149.070696,"",FALSE
"","Metro Petroleum Mitchell","Lysaght Street","Mitchell","04/09/2021 - Saturday","3:15pm","3:50pm","Monitor",-35.2154233,149.1424858,"",FALSE
"","Capital Chemist O'Connor","9 Sargood Street","O'Connor","04/09/2021 - Saturday","2:00pm","2:40pm","Monitor",-35.2639132,149.122636,"",FALSE
"","Woolworths Kippax","Kippax Fair Shopping Centre, 26 Hardwick Crescent","Holt","04/09/2021 - Saturday","11:50am","12:35pm","Monitor",-35.2218013,149.0194613,"",FALSE
"","Officeworks Belconnen","5 Cohen Street","Belconnen","04/09/2021 - Saturday","12:15pm","1:10pm","Monitor",-35.2398229,149.0589158,"",FALSE
"","ALDI Belconnen","Westfield Belconnen, Benjamin Way","Belconnen","04/09/2021 - Saturday","10:20am","11:40am","Casual",-35.2380765,149.0651672,"<strong/>!Location has more than<br> one entry. Zoom in and search table!</strong/>",TRUE
"","Caremore Plaza Pharmacy","Shop 5, Georgina Crescent","Kaleen","04/09/2021 - Saturday","11:15am","11:55am","Monitor",-35.2202187,149.1036732,"",FALSE
"","Coles Kaleen","1 Maribyrnong Avenue","Kaleen","04/09/2021 - Saturday","11:20am","12:05pm","Monitor",-35.2202787,149.1028228,"",FALSE
"","Coles Jamison","Jamison Plaza, Bowman Street","Macquarie","04/09/2021 - Saturday","8:05am","8:45am","Monitor",-35.2528076,149.0713598,"",FALSE
"","BP Jamison","52B Redfern Street","Macquarie","04/09/2021 - Saturday","8:15am","9:00am","Monitor",-35.2531064,149.0732186,"",FALSE
"","Cash Converters Woden","Shop 2/7 Neptune Street","Phillip","04/09/2021 - Saturday","11:45am","12:45pm","Casual",-35.3461438,149.0876592,"",FALSE
"","Woolworths Metro Hawker","Springvale Drive","Hawker","04/09/2021 - Saturday","12:20pm","1:05pm","Monitor",-35.2433647,149.0442242,"",FALSE
"","Woolworths Gungahlin","30-33 Hibberson Street","Gungahlin","04/09/2021 - Saturday","3:45pm","4:35pm","Casual",-35.1846274,149.1340141,"",FALSE
"","Dobinsons Gungahlin","Marketplace Gungahlin, Hibberson Street","Gungahlin","04/09/2021 - Saturday","8:45am","9:30am","Monitor",-35.1855037,149.1339869,"",FALSE
"","TSG Gungahlin","Marketplace Gungahlin, Hibberson Street","Gungahlin","04/09/2021 - Saturday","8:50am","9:30am","Monitor",-35.1849096,149.1342424,"",FALSE
"","Pacifik Halal Meats","Shop 141 Ernest Cavanagh Street","Gungahlin","04/09/2021 - Saturday","4:15pm","4:40pm","Monitor",-35.1848047,149.136463,"",FALSE
"","ALDI Gungahlin","Hibberson Street","Gungahlin","04/09/2021 - Saturday","4:25pm","5:10pm","Monitor",-35.1853494,149.1361878,"",FALSE
"New","Priceline Pharmacy Gungahlin","Marketplace Gungahlin, 33 Hibberson Street","Gungahlin","04/09/2021 - Saturday","4:35pm","5:25pm","Monitor",-35.1852332,149.1342642,"",FALSE
"New","IBIS Budget Hotel Canberra","15 Tay Street","Watson","04/09/2021 - Saturday","12:00am","11:59pm","Casual",-35.224856,149.1669733,"",FALSE
"New","Woolworths Charnwood","25-30 Charnwood Place","Charnwood","04/09/2021 - Saturday","2:40pm","3:30pm","Monitor",-35.2045295,149.0328828,"<strong/>!Location has more than<br> one entry. Zoom in and search table!</strong/>",TRUE
"New","Woolworths Dunlop","80 Lance Hill Avenue","Dunlop","04/09/2021 - Saturday","3:10pm","4:00pm","Monitor",-35.194468,149.0194685,"",FALSE
"","Bus Route 23 Transport Canberra Code BUS719","Crace Shops to Kaleen","Public Transport","03/09/2021 - Friday","5:15pm","5:23pm","Casual",-35.2809368,149.1301092,"<strong/>!Location has more than<br> one entry. Zoom in and search table!</strong/>",TRUE
"","Bus Route 23 Transport Canberra Code BUS463","Kaleen to Gungahlin Interchange","Public Transport","03/09/2021 - Friday","6:04am","6:23am","Casual",-35.2809368,149.1300592,"<strong/>!Location has more than<br> one entry. Zoom in and search table!</strong/>",TRUE
"","ANU Research School of Physics and Engineering (Construction Site)","Mills Road","Acton","03/09/2021 - Friday","7:00am","4:00pm","Casual",-35.2839744,149.1131291,"",FALSE
"","The Reject Shop Gungahlin","Shop 2, 46 Hibberson Street","Gungahlin","03/09/2021 - Friday","8:30am","5:00pm","Casual",-35.1863723,149.1360008,"",FALSE
"","Woolworths Dickson","1 Dickson Place","Dickson","03/09/2021 - Friday","11:30am","1:00pm","Casual",-35.249974,149.1386501,"",FALSE
"","Woolworths Dickson","1 Dickson Place","Dickson","03/09/2021 - Friday","1:50pm","2:30pm","Monitor",-35.249974,149.1387001,"",FALSE
"","Coles Express Gungahlin","1 Ginn Street","Gungahlin","03/09/2021 - Friday","5:10pm","6:00pm","Monitor",-35.1834139,149.1267488,"",FALSE
"","Capital Chemist Dickson","2/6 Dickson Place","Dickson","03/09/2021 - Friday","1:45pm","2:30pm","Monitor",-35.25042,149.1388023,"",FALSE
"","Jamison Plaza News","Jamison Plaza, Bowman Street","Macquarie","03/09/2021 - Friday","2:00pm","2:50pm","Monitor",-35.2528357,149.0717786,"",FALSE
"","Westfield Woden Food Court","Keltie Street","Phillip","03/09/2021 - Friday","3:00pm","4:00pm","Monitor",-35.3463199,149.0861826,"",FALSE
"","Commonwealth Bank Woden","Shop 003A/6 Westfield Woden, Keltie Street","Phillip","03/09/2021 - Friday","2:50pm","3:40pm","Monitor",-35.3451374,149.0861785,"",FALSE
"","Hip Pocket Workwear & Safety","Shop 1, The Paul's Centre, Hindmarsh Drive","Phillip","03/09/2021 - Friday","10:40am","11:30am","Casual",-35.3495811,149.0863604,"",FALSE
"","Nandos Canberra Centre","Shop FG1, Canberra Centre, 125 Bunda Street","Canberra City","03/09/2021 - Friday","2:50pm","3:30pm","Monitor",-35.2779316,149.1330306,"",FALSE
"","Australia War Memorial (Construction Site)","Treloar Crescent","Campbell","03/09/2021 - Friday","11:20am","12:30pm","Casual",-35.2811355,149.1484327,"",FALSE
"","Westfield Woden","Westfield Woden, Keltie Street","Phillip","03/09/2021 - Friday","2:50pm","3:50pm","Monitor",-35.3463199,149.0862076,"",FALSE
"","Woolworths Woden","Westfield Woden, Keltie Street","Phillip","03/09/2021 - Friday","2:50pm","3:50pm","Monitor",-35.3463199,149.0861826,"<strong/>!Location has more than<br> one entry. Zoom in and search table!</strong/>",TRUE
"","Capital Chemist O'Connor","9 Sargood street","O'Connor","03/09/2021 - Friday","10:50am","11:30am","Monitor",-35.2639132,149.122586,"",FALSE
"","Coles Amaroo","Horse Park Drive","Amaroo","03/09/2021 - Friday","12:00pm","5:00pm","Monitor",-35.1646128,149.1317816,"",FALSE
"","Motion Wellness","70/27 Wiseman Street","Macquarie","03/09/2021 - Friday","1:52pm","2:30pm","Casual",-35.2528944,149.0735469,"",FALSE
"","Optimal Pharmacy Plus Jamison","Jamison Plaza, Bowman Street","Macquarie","03/09/2021 - Friday","9:20am","10:00am","Monitor",-35.2527782,149.0716808,"",FALSE
"","ALDI Macquarie","Jamison Plaza, Bowman Street","Macquarie","03/09/2021 - Friday","12:40pm","1:30pm","Monitor",-35.2527235,149.0712605,"",FALSE
"","Woolworths Metro Hawker","Springvale Drive","Hawker","03/09/2021 - Friday","1:10pm","2:00pm","Casual",-35.2433647,149.0441492,"",FALSE
"","Urban Cellars Kippax","48 Hardwick Crescent","Holt","03/09/2021 - Friday","1:15pm","2:00pm","Casual",-35.2223388,149.0199532,"",FALSE
"","Mitchell Resource Management Centre","Flemington Road","Mitchell","03/09/2021 - Friday","3:00pm","3:30pm","Monitor",-35.2115011,149.1479783,"",FALSE
"New","IBIS Budget Hotel Canberra","15 Tay Street","Watson","03/09/2021 - Friday","12:00am","11:59pm","Casual",-35.224856,149.1669233,"",FALSE
"","Bus Route 23 Transport Canberra Code BUS933","Gungahlin Interchange to Kaleen","Public Transport","02/09/2021 - Thursday","3:07pm","3:28pm","Casual",-35.2809368,149.1299342,"",FALSE
"","Bus Route 23 Transport Canberra Code BUS440","Kaleen to Gungahlin Interchange","Public Transport","02/09/2021 - Thursday","6:04am","6:22am","Casual",-35.2809368,149.1300342,"",FALSE
"","The Reject Shop Gungahlin","Shop 2, 46 Hibberson Street","Gungahlin","02/09/2021 - Thursday","8:30am","3:30pm","Casual",-35.1863723,149.1359508,"",FALSE
"","Woolworths Dickson","1 Dickson Place","Dickson","02/09/2021 - Thursday","8:00am","9:30am","Casual",-35.249974,149.1386751,"",FALSE
"","Bunnings Gungahlin","10 Gribble Street","Gungahlin","02/09/2021 - Thursday","12:45pm","1:45pm","Monitor",-35.1838713,149.1302889,"",FALSE
"","Caltex Mitchell","116 Lysaght Street","Mitchell","02/09/2021 - Thursday","8:45pm","9:30pm","Monitor",-35.215026,149.139901,"",FALSE
"","BP Phillip","166 Melrose Drive","Phillip","02/09/2021 - Thursday","12:30pm","1:00pm","Monitor",-35.3509,149.085275,"",FALSE
"","The Scholar Yum Cha & Seafood Chinese Restaurant","23 Woolley Street","Dickson","02/09/2021 - Thursday","5:00pm","6:00pm","Monitor",-35.2505556,149.1364139,"",FALSE
"","Woolworths Gungahlin","30-33 Hibberson Street","Gungahlin","02/09/2021 - Thursday","10:25am","11:10am","Monitor",-35.1846274,149.1339641,"",FALSE
"","Busy Bees at the Park","37 Brindabella Circuit","Canberra Airport","02/09/2021 - Thursday","7:40am","5:30pm","Close",-35.311138,149.187801,"",FALSE
"","Cooleman Court Shopping Centre","Brierly Street","Weston","02/09/2021 - Thursday","2:15pm","3:00pm","Monitor",-35.3412617,149.0526936,"",FALSE
"","Mr Sushi Cooleman Court Shopping Centre","Brierly Street","Weston","02/09/2021 - Thursday","2:30pm","3:00pm","Monitor",-35.3412617,149.0526686,"",FALSE
"","Caltex Canberra Airport","Canberra Airport, 1/3 Rogan Street","Pialligo","02/09/2021 - Thursday","12:10pm","12:55pm","Monitor",-35.3094947,149.1880721,"",FALSE
"","Caltex Canberra Airport","Canberra Airport, 1/3 Rogan Street","Pialligo","02/09/2021 - Thursday","9:15am","9:50am","Monitor",-35.3094947,149.1880221,"",FALSE
"","ALDI Gungahlin","Hibberson Street","Gungahlin","02/09/2021 - Thursday","10:30am","11:30am","Casual",-35.1853494,149.1361628,"<strong/>!Location has more than<br> one entry. Zoom in and search table!</strong/>",TRUE
"","Australia Post Woden","Shop 4/15 Bowes Place","Phillip","02/09/2021 - Thursday","4:40pm","5:00pm","Casual",-35.3443954,149.0857209,"",FALSE
"","Coles Woden","Westfield Woden, Keltie Street","Phillip","02/09/2021 - Thursday","5:10pm","6:00pm","Monitor",-35.3468528,149.0853278,"",FALSE
"","Friendly Grocer Narrabundah","6 Iluka Street","Narrabundah","02/09/2021 - Thursday","1:00pm","3:30pm","Monitor",-35.3325783,149.1539484,"",FALSE
"","BidFood Canberra","16 Mildura Street","Fyshwick","02/09/2021 - Thursday","5:30am","12:30pm","Casual",-35.3226824,149.1528352,"",FALSE
"","Ampol Foodary Kambah","3 Marconi Crescent","Kambah","02/09/2021 - Thursday","3:55pm","4:40pm","Monitor",-35.3788069,149.0573556,"",FALSE
"","Optimal Pharmacy Plus Jamison","Jamison Plaza, Bowman Street","Macquarie","02/09/2021 - Thursday","12:20pm","4:50pm","Monitor",-35.2527782,149.0716308,"",FALSE
"","ALDI Macquarie","Jamison Plaza, Bowman Street","Macquarie","02/09/2021 - Thursday","12:25pm","1:15pm","Casual",-35.2527235,149.0712355,"",FALSE
"","KFC Hawker","103 Hawker Place","Hawker","02/09/2021 - Thursday","1:10pm","2:00pm","Casual",-35.2433815,149.0422992,"",FALSE
"","ACT Tyrepower","27 Nettlefold Street","Belconnen","02/09/2021 - Thursday","1:50pm","2:40pm","Monitor",-35.240727,149.0592045,"",FALSE
"","Transtate Tyres and Suspension Services","2 Egan Court","Belconnen","02/09/2021 - Thursday","2:10pm","3:15pm","Casual",-35.2414432,149.0576561,"",FALSE
"","Australia Post Jamison","8 Jamison Centre","Macquarie","02/09/2021 - Thursday","3:50pm","4:40pm","Casual",-35.2528302,149.0721892,"",FALSE
"","Coles Jamison","Jamison Plaza, Bowman Street","Macquarie","02/09/2021 - Thursday","4:15pm","5:15pm","Casual",-35.2528076,149.0713348,"",FALSE
"","Spice of Life Adult Store","1/48 Sandford Street","Mitchell","02/09/2021 - Thursday","11:05am","11:40am","Monitor",-35.2201875,149.1387713,"",FALSE
"","Thai Som Tum Restaurant","17 Sidney Nolan Street","Conder","02/09/2021 - Thursday","6:30pm","7:15pm","Monitor",-35.4577713,149.0939178,"",FALSE
"","Zambrero Conder","3/5 Sidney Nolan Street","Conder","02/09/2021 - Thursday","6:35pm","7:20pm","Monitor",-35.4570645,149.0932014,"",FALSE
"","7-Eleven Braddon","20 Mort Street","Braddon","02/09/2021 - Thursday","11:20am","12:10pm","Monitor",-35.275691,149.1316658,"",FALSE
"","Coles Canberra Centre","Canberra Centre, 148 Bunda Street","Canberra City","02/09/2021 - Thursday","2:30pm","3:15pm","Monitor",-35.2802271,149.1333309,"",FALSE
"","Oporto Gungahlin","Marketplace Gungahlin, Hibberson Street","Gungahlin","02/09/2021 - Thursday","7:10pm","8:00pm","Monitor",-35.1853007,149.1325714,"",FALSE
"","Ali Kebabs Gungahlin","Marketplace Gungahlin, Hibberson Street","Gungahlin","02/09/2021 - Thursday","7:20pm","8:10pm","Monitor",-35.1854625,149.1337286,"",FALSE
"","Reject Shop Belconnen","Westfield Belconnen, Benjamin Way","Belconnen","02/09/2021 - Thursday","11:30am","12:30pm","Casual",-35.2380765,149.0651172,"<strong/>!Location has more than<br> one entry. Zoom in and search table!</strong/>",TRUE
"","Bus Route 9 Transport Canberra Code BUS596","Belconnen to Bruce","Public Transport","02/09/2021 - Thursday","2:29pm","2:39pm","Casual",-35.2809368,149.1300592,"",FALSE
"New","IBIS Budget Hotel Canberra","15 Tay Street","Watson","02/09/2021 - Thursday","12:00am","11:59pm","Casual",-35.224856,149.1668733,"",FALSE
"New","Bus Route 9 Transport Canberra Code BUS322","Bruce to Belconnen","Public Transport","02/09/2021 - Thursday","3:28pm","3:38pm","Casual",-35.2809368,149.1300092,"",FALSE
"","Beyond Pharmacy Braddon","4/18 Lonsdale Street","Braddon","01/09/2021 - Wednesday","4:30pm","5:30pm","Casual",-35.2736557,149.132945,"",FALSE
"","Dickson Woolworths","1 Dickson Place","Dickson","01/09/2021 - Wednesday","5:45pm","6:45pm","Monitor",-35.249974,149.1386251,"",FALSE
"","Woolworths Dickson","1 Dickson Place","Dickson","01/09/2021 - Wednesday","1:45pm","2:40pm","Casual",-35.249974,149.1385501,"",FALSE
"","Coles Kaleen","1 Maribyrnong Avenue","Kaleen","01/09/2021 - Wednesday","1:30pm","2:30pm","Monitor",-35.2202787,149.1028478,"",FALSE
"","7-Eleven Mawson","1 Mawson Place","Mawson","01/09/2021 - Wednesday","7:20pm","8:00pm","Monitor",-35.365172,149.0936623,"",FALSE
"","Chargrilld Eatery and Pizza Bar","1/59 Cameron Avenue","Belconnen","01/09/2021 - Wednesday","8:00am","8:45am","Monitor",-35.2409706,149.0709465,"",FALSE
"","ALDI Amaroo","12 Pioneer Street","Amaroo","01/09/2021 - Wednesday","4:45pm","5:30pm","Casual",-35.1652442,149.132457,"",FALSE
"","Bunnings Belconnen","15 Lathlain Street","Belconnen","01/09/2021 - Wednesday","5:00pm","6:00pm","Monitor",-35.2444848,149.0638128,"",FALSE
"","Narrabundah Pharmacy and Post Office","18 Iluka Street","Narrabundah","01/09/2021 - Wednesday","1:30pm","3:00pm","Monitor",-35.3328701,149.1538091,"",FALSE
"","The Scholar Yum Cha & Seafood Chinese Restaurant","23 Woolley Street","Dickson","01/09/2021 - Wednesday","5:00pm","6:00pm","Monitor",-35.2505556,149.1363639,"",FALSE
"","Woolworths Kippax","Kippax Fair Shopping Centre, 26 Hardwick Crescent","Holt","01/09/2021 - Wednesday","9:30am","10:30am","Monitor",-35.2218013,149.0194113,"",FALSE
"","Kippax Shopping Centre","26 Hardwick Crescent","Holt","01/09/2021 - Wednesday","1:45pm","3:00pm","Monitor",-35.2218013,149.0193113,"<strong/>!Location has more than<br> one entry. Zoom in and search table!</strong/>",TRUE
"","NewsExpress Kippax Fair","26 Hardwick Crescent","Holt","01/09/2021 - Wednesday","2:10pm","3:00pm","Monitor",-35.2218013,149.0194863,"",FALSE
"","Busy Bees Childcare","37 Brindabella Circuit","Canberra Airport","01/09/2021 - Wednesday","7:45am","1:15pm","Close",-35.311138,149.187726,"",FALSE
"","Costco Canberra","39-41 Mustang Avenue","Canberra Airport","01/09/2021 - Wednesday","10:15am","12:10pm","Casual",-35.2972375,149.1906339,"",FALSE
"","La Cantina","4 Iluka Street","Narrabundah","01/09/2021 - Wednesday","7:55pm","8:40pm","Monitor",-35.3324961,149.1541862,"",FALSE
"","Capital Chemist Chisholm","42 Halley Street","Chisholm","01/09/2021 - Wednesday","2:00pm","2:30pm","Monitor",-35.4140323,149.1285728,"",FALSE
"","Coles Chisholm","42 Halley Street","Chisholm","01/09/2021 - Wednesday","2:00pm","3:00pm","Casual",-35.4141067,149.1281169,"",FALSE
"","Al Manoosh Bakery","47 Mawson Place","Mawson","01/09/2021 - Wednesday","8:50am","9:20am","Monitor",-35.3654919,149.0949976,"",FALSE
"","Woolworths Metro Franklin","51 Nullarbor Avenue, Corner Flemington Road","Franklin","01/09/2021 - Wednesday","8:00am","8:50am","Casual",-35.2000983,149.1488768,"",FALSE
"","St George Bank Fyshwick (ATM)","58 Wollongong Street","Fyshwick","01/09/2021 - Wednesday","3:35pm","4:35pm","Monitor",-35.3248873,149.1798289,"",FALSE
"","Friendly Grocer Narrabundah","6 Iluka Street","Narrabundah","01/09/2021 - Wednesday","9:35am","10:25am","Monitor",-35.3325783,149.1539734,"",FALSE
"","Caremore Pharmacy Kippax","8 Hardwick Crescent","Holt","01/09/2021 - Wednesday","1:45pm","2:45pm","Monitor",-35.221893,149.0195783,"",FALSE
"","7-Eleven Holt","88 Hardwick Crescent","Holt","01/09/2021 - Wednesday","2:15pm","3:00pm","Monitor",-35.2209147,149.0178693,"",FALSE
"","Coles Canberra Centre","Canberra Centre, 148 Bunda Street","Canberra City","01/09/2021 - Wednesday","2:40pm","3:30pm","Casual",-35.2802271,149.1333809,"",FALSE
"","Coles Jamison","Jamison Plaza, Bowman Street","Macquarie","01/09/2021 - Wednesday","10:00am","11:00am","Monitor",-35.2528076,149.0712848,"",FALSE
"","Lanyon Pharmacy","Lanyon Marketplace, 4 Sidney Nolan Street","Conder","01/09/2021 - Wednesday","1:30pm","2:10pm","Monitor",-35.4574587,149.0925555,"",FALSE
"","Woolworths Conder","Lanyon Marketplace, 4 Sidney Nolan Street","Conder","01/09/2021 - Wednesday","1:30pm","2:15pm","Monitor",-35.457682,149.0925247,"",FALSE
"","Cellarbrations Belconnen","Luxton Street and Josephson Street","Belconnen","01/09/2021 - Wednesday","12:00pm","12:30pm","Monitor",-35.2363189,149.0595235,"",FALSE
"","Australia Post Woden","Shop 4/15 Bowes Place","Phillip","01/09/2021 - Wednesday","4:40pm","5:00pm","Casual",-35.3443954,149.0856709,"",FALSE
"","Kaleen Plaza Pharmacy","Shop 5, Kaleen Shopping Centre, Georgina Crescent","Kaleen","01/09/2021 - Wednesday","6:15pm","7:10pm","Casual",-35.2202187,149.1036232,"",FALSE
"","Caltex Conder","Tharwa Drive","Conder","01/09/2021 - Wednesday","11:30am","1:00pm","Monitor",-35.4582538,149.0917291,"",FALSE
"","Ampol Foodary Calwell","Were Street","Calwell","01/09/2021 - Wednesday","9:30am","10:00am","Monitor",-35.4347448,149.1124982,"",FALSE
"","Belco Halal Kebabs and Pizzeria","Westfield Belconnen, Belconnen Way","Belconnen","01/09/2021 - Wednesday","12:15pm","12:45pm","Monitor",-35.2374453,149.0630674,"",FALSE
"","ALDI Belconnen","Westfield Belconnen, Benjamin Way","Belconnen","01/09/2021 - Wednesday","7:00pm","7:30pm","Monitor",-35.2380765,149.0651172,"<strong/>!Location has more than<br> one entry. Zoom in and search table!</strong/>",TRUE
"","Coles Belconnen","Westfield Belconnen, Benjamin Way","Belconnen","01/09/2021 - Wednesday","8:15am","9:00am","Casual",-35.2380765,149.0650672,"<strong/>!Location has more than<br> one entry. Zoom in and search table!</strong/>",TRUE
"","Coles Belconnen","Westfield Belconnen, Benjamin Way","Belconnen","01/09/2021 - Wednesday","11:30am","12:45pm","Casual",-35.2380765,149.0650672,"<strong/>!Location has more than<br> one entry. Zoom in and search table!</strong/>",TRUE
"","BidFood Canberra","16 Mildura Street","Fyshwick","01/09/2021 - Wednesday","5:30am","10:00am","Casual",-35.3226824,149.1528102,"",FALSE
"","Capital Chemist O'Connor","9 Sargood street","O'Connor","01/09/2021 - Wednesday","3:40pm","4:20pm","Monitor",-35.2639132,149.122536,"",FALSE
"","ALDI Amaroo","12 Pioneer Street","Amaroo","01/09/2021 - Wednesday","10:45am","11:50am","Casual",-35.1652442,149.132407,"",FALSE
"","Cash Converters Belconnen","3/6 Weedon Close","Belconnen","01/09/2021 - Wednesday","1:20pm","2:40pm","Casual",-35.240912,149.062856,"",FALSE
"","Liquorland Jamison","Jamison Plaza, Bowman Street","Macquarie","01/09/2021 - Wednesday","3:15pm","4:00pm","Monitor",-35.2526302,149.0706749,"",FALSE
"","ALDI Macquarie","Jamison Plaza, Bowman Street","Macquarie","01/09/2021 - Wednesday","3:15pm","4:00pm","Monitor",-35.2527235,149.0711605,"",FALSE
"","TSG Jamison","Jamison Plaza, Bowman Street","Macquarie","01/09/2021 - Wednesday","3:30pm","4:10pm","Monitor",-35.2524401,149.070646,"",FALSE
"","Supabarn Crace","56 Abena Avenue","Crace","01/09/2021 - Wednesday","3:40pm","4:30pm","Monitor",-35.2020605,149.1075757,"",FALSE
"","ALDI Macquarie","Jamison Plaza, Bowman Street","Macquarie","01/09/2021 - Wednesday","6:50pm","8:00pm","Casual",-35.2527235,149.0711855,"",FALSE
"","Bus Route 9 Transport Canberra Code BUS328","Belconnen to Lyneham","Public Transport","01/09/2021 - Wednesday","8:57pm","9:10pm","Casual",-35.2809368,149.1299842,"<strong/>!Location has more than<br> one entry. Zoom in and search table!</strong/>",TRUE
"New","IBIS Budget Hotel Canberra","15 Tay Street","Watson","01/09/2021 - Wednesday","12:00am","11:59pm","Casual",-35.224856,149.1668233,"",FALSE
"New","BWS Dunlop","Lot 4/68 Lance Hill Avenue","Dunlop","01/09/2021 - Wednesday","11:30am","1:00pm","Monitor",-35.1944486,149.0194034,"",FALSE
"","80/20 Food Braddon","1/18 Lonsdale Street","Braddon","31/08/2021 - Tuesday","10:40am","11:30am","Casual",-35.2735344,149.132964,"",FALSE
"","Woolworths Metro","1/6 Grazier Lane","Belconnen","31/08/2021 - Tuesday","3:15pm","4:00pm","Monitor",-35.2401725,149.0719813,"",FALSE
"","Centrelink - Braddon Service Centre","13 Lonsdale Street","Braddon","31/08/2021 - Tuesday","1:50pm","2:45pm","Casual",-35.2742354,149.1323115,"",FALSE
"","Centrelink - Braddon Service Centre","13 Lonsdale Street","Braddon","31/08/2021 - Tuesday","12:50pm","1:30pm","Monitor",-35.2742521,149.1324534,"",FALSE
"","ALDI Casey","15 Kingsland Parade","Casey","31/08/2021 - Tuesday","10:15am","11:00am","Monitor",-35.17447,149.0960199,"",FALSE
"","Casey Market Town","15 Kingsland Parade","Casey","31/08/2021 - Tuesday","10:15am","11:00am","Monitor",-35.17447,149.0960449,"",FALSE
"","Woolworths Mawson","15 Mawson Place","Mawson","31/08/2021 - Tuesday","5:15pm","6:10pm","Monitor",-35.3661449,149.0947196,"",FALSE
"","Bidfood Canberra","16 Mildura Street","Fyshwick","31/08/2021 - Tuesday","5:30am","12:30pm","Casual",-35.3226824,149.1526102,"",FALSE
"","Florey Pharmacy","2 Kesteven Street","Florey","31/08/2021 - Tuesday","3:30pm","4:30pm","Monitor",-35.2263018,149.0544405,"",FALSE
"","Centrelink - Woden Service Centre","2-6 Bowes Street","Phillip","31/08/2021 - Tuesday","8:50am","9:30am","Casual",-35.3428423,149.0858605,"",FALSE
"","Develins City Chemist","3/4 Garema Place","Canberra City","31/08/2021 - Tuesday","9:20pm","10:15pm","Casual",-35.2787625,149.1319683,"",FALSE
"","Woolworths Gungahlin","30-33 Hibberson Street","Gungahlin","31/08/2021 - Tuesday","5:45pm","6:50pm","Casual",-35.1846274,149.1339141,"",FALSE
"","Busy Bees at the Park","37 Brindabella Circuit","Canberra Airport","31/08/2021 - Tuesday","7:40am","6:30pm","Close",-35.311138,149.187701,"",FALSE
"","Dan Murphy's Dickson","44 Dickson Place","Dickson","31/08/2021 - Tuesday","5:45pm","6:30pm","Monitor",-35.2504152,149.1401934,"",FALSE
"","Braddon Flowers","53/16 Lonsdale Street","Braddon","31/08/2021 - Tuesday","10:40am","11:15am","Monitor",-35.2739116,149.1331498,"",FALSE
"","Friendly Grocer Narrabundah","6 Iluka Street","Narrabundah","31/08/2021 - Tuesday","7:25pm","8:10pm","Monitor",-35.3325783,149.1539234,"",FALSE
"","IGA X-press Swinger Hill","84 Ainsworth Street","Mawson","31/08/2021 - Tuesday","5:10pm","6:00pm","Monitor",-35.3554427,149.0984444,"",FALSE
"","Cooleman Court Shopping Centre","Brierly Street","Weston","31/08/2021 - Tuesday","12:00pm","1:00pm","Monitor",-35.3412617,149.0527436,"",FALSE
"","Cooleman Court Shopping Centre - Public Toilets","Brierly Street","Weston","31/08/2021 - Tuesday","12:15pm","12:45pm","Casual",-35.3412617,149.0527186,"",FALSE
"","Caltex Canberra Airport","Canberra Airport, 1/3 Rogan Street","Pialligo","31/08/2021 - Tuesday","12:30pm","13:15pm","Monitor",-35.3094947,149.1879721,"",FALSE
"","Bus Route 66 Transport Canberra Code BUS355","Denman Prospect to Woden Interchange","Public Transport","31/08/2021 - Tuesday","7:27pm","7:43pm","Casual",-35.3444429,149.0871942,"",FALSE
"","Bus Route 51 Transport Canberra Code BUS560","Lyneham Shops to Dickson Interchange","Public Transport","31/08/2021 - Tuesday","9:15am","9:30am","Casual",-35.250558,149.133739,"",FALSE
"","Caffe Cherry Beans Majura Park","Majura Park Shopping Centre, 18/26 Spitfire Avenue","Canberra Airport","31/08/2021 - Tuesday","8:45am","9:40am","monitor",-35.3004066,149.19043,"",FALSE
"","BWS Dickson (Wolley Street)","u1/38 Woolley Street","Dickson","31/08/2021 - Tuesday","5:10pm","6:00pm","Monitor",-35.2500438,149.1375277,"",FALSE
"","Baby Bunting Belconnen","Westfield Belconnen, Benjamin Way","Belconnen","31/08/2021 - Tuesday","12:30pm","1:00pm","Monitor",-35.2380765,149.0650172,"<strong/>!Location has more than<br> one entry. Zoom in and search table!</strong/>",TRUE
"","Million Dollar Kiosk","Westfield Belconnen, Benjamin Way","Belconnen","31/08/2021 - Tuesday","12:30pm","1:00pm","Monitor",-35.2382585,149.0655129,"",FALSE
"","Westfield Belconnen","Westfield Belconnen, Benjamin Way","Belconnen","31/08/2021 - Tuesday","12:30pm","1:00pm","Monitor",-35.2380765,149.0649922,"",FALSE
"","Coles Woden","Westfield Woden, Keltie Street","Phillip","31/08/2021 - Tuesday","11:50am","12:30pm","Monitor",-35.3468528,149.0852778,"",FALSE
"","Westfield Woden","Westfield Woden, Keltie Street","Phillip","31/08/2021 - Tuesday","11:50am","12:30pm","Monitor",-35.3463199,149.0861326,"<strong/>!Location has more than<br> one entry. Zoom in and search table!</strong/>",TRUE
"","Bus Route 61 Transport Canberra Code BUS359","Woden Interchange to Phillip","Public Transport","31/08/2021 - Tuesday","7:46pm","7:50pm","Casual",-35.3444429,149.0871442,"",FALSE
"New","Woolworths Belconnen","Westfield Belconnen, Benjamin Way","Belconnen","31/08/2021 - Tuesday","6:25pm","7:20pm","Casual",-35.2380765,149.0650172,"",FALSE
"New","Dan Murphy's Belconnen","Westfield Belconnen, Benjamin Way","Belconnen","31/08/2021 - Tuesday","6:15pm","7:00pm","Monitor",-35.2386514,149.064091,"",FALSE
"New","IBIS Budget Hotel Canberra","15 Tay Street","Watson","31/08/2021 - Tuesday","12:00am","11:59pm","Casual",-35.224856,149.1667733,"",FALSE
"","Chemist Warehouse Majura Park","Majura Park Shopping Centre, 18/26 Spitfire Avenue","Canberra Airport","30/08/2021 - Monday","6:00pm","7:00pm","Casual",-35.2985101,149.1907314,"",FALSE
"","Woolworths Majura Park","Majura Park Shopping Centre, 18/26 Spitfire Avenue","Canberra Airport","30/08/2021 - Monday","6:20pm","7:30pm","Casual",-35.3001906,149.1903758,"",FALSE
"","SPAR Express Ngunnawal","Ngunnawal Local Centre, Wanganeen Avenue","Ngunnawal","30/08/2021 - Monday","9:30am","12:00pm","Monitor",-35.173951,149.10818,"",FALSE
"","CIT Bruce Campus (Student Accommodation Block Ra Only)","1 Jack Fleming Place","Bruce","30/08/2021 - Monday","8:50pm","11:30pm","Casual",-35.2478586,149.095981,"",FALSE
"","Coles Kaleen","1 Maribyrnong Avenue","Kaleen","30/08/2021 - Monday","4:00pm","4:50pm","Casual",-35.2202787,149.1027978,"",FALSE
"","7-Eleven Mawson","1 Mawson Place","Mawson","30/08/2021 - Monday","2:00pm","2:40pm","Monitor",-35.365172,149.0937123,"",FALSE
"","SupaExpress Florey","1/26 Kesteven Street","Florey","30/08/2021 - Monday","3:00pm","4:00pm","Monitor",-35.2263914,149.0544019,"",FALSE
"","SupaExpress Florey","1/26 Kesteven Street","Florey","30/08/2021 - Monday","5:40pm","6:45pm","Casual",-35.2263914,149.0544519,"",FALSE
"","Chargrilld Eatery and Pizza Bar","1/59 Cameron Avenue","Belconnen","30/08/2021 - Monday","7:00pm","7:45pm","Monitor",-35.2409706,149.0709965,"",FALSE
"","Kinn Thai Restaurant","125 Bunda Street","Canberra City","30/08/2021 - Monday","4:40pm","9:30pm","Casual",-35.2778002,149.1326451,"",FALSE
"","Priceline Pharmacy Gungahlin","126/43 Hibberson Street","Gungahlin","30/08/2021 - Monday","12:20pm","1:20pm","Casual",-35.185676,149.136702,"",FALSE
"","ALDI Casey","15 Kingsland Parade","Casey","30/08/2021 - Monday","2:15pm","3:00pm","Monitor",-35.17447,149.0959199,"",FALSE
"","Casey Market Town","15 Kingsland Parade","Casey","30/08/2021 - Monday","2:15pm","3:00pm","Monitor",-35.17447,149.0959449,"",FALSE
"","Woolworths Mawson","15 Mawson Place","Mawson","30/08/2021 - Monday","9:25pm","10:10pm","Monitor",-35.3661449,149.0946946,"",FALSE
"","Bidfood Canberra","16 Mildura Street","Fyshwick","30/08/2021 - Monday","5:30am","12:30pm","Casual",-35.3226824,149.1526602,"",FALSE
"","Bridgestone Select Tuggeranong","182 Scollay Street","Greenway","30/08/2021 - Monday","9:50am","10:50am","Monitor",-35.4202315,149.0676951,"",FALSE
"","Florey Pharmacy","2 Kesteven Street","Florey","30/08/2021 - Monday","6:00pm","7:00pm","Monitor",-35.2263018,149.0543905,"",FALSE
"","IGA X-press Palmerston","2/16A Kosciuszko Avenue","Palmerston","30/08/2021 - Monday","11:40am","12:30pm","Monitor",-35.1973821,149.1183036,"",FALSE
"","Woolworths Charnwood","25-30 Charnwood Place","Charnwood","30/08/2021 - Monday","7:00am","8:20am","Casual",-35.2045295,149.0328328,"<strong/>!Location has more than<br> one entry. Zoom in and search table!</strong/>",TRUE
"","Kan Sushi & Poké","3/221 London Circuit","Canberra City","30/08/2021 - Monday","11:50am","7:30pm","Casual",-35.2823957,149.132369,"",FALSE
"","Coles Express Dickson","30-34 Antill Street","Dickson","30/08/2021 - Monday","1:30pm","2:30pm","Monitor",-35.2490871,149.137626,"",FALSE
"","Busy Bees at the Park","37 Brindabella Circuit","Canberra Airport","30/08/2021 - Monday","7:40am","6:20pm","Close",-35.311138,149.187651,"",FALSE
"","Coles Chisholm","42 Halley Street","Chisholm","30/08/2021 - Monday","1:45pm","3:00pm","Casual",-35.4141067,149.1283669,"",FALSE
"","First Choice Liquor Gungahlin","46-50 Hibberson Street","Gungahlin","30/08/2021 - Monday","12:50pm","2:00pm","Casual",-35.1866353,149.1368241,"",FALSE
"","7-Eleven Erindale","76 Gartside Street","Wanniassa","30/08/2021 - Monday","1:00pm","1:30pm","Monitor",-35.4054226,149.1012591,"",FALSE
"","IGA Express Nicholls","88 Kellaway Avenue","Nicholls","30/08/2021 - Monday","5:00pm","5:40pm","Monitor",-35.1831589,149.0986612,"",FALSE
"","Cooleman Court Shopping Centre","Brierly Street","Weston","30/08/2021 - Monday","1:50pm","2:40pm","Monitor",-35.3412617,149.0525936,"",FALSE
"","Caltex Canberra Airport","Canberra Airport, 1/3 Rogan Street","Pialligo","30/08/2021 - Monday","1:00pm","1:50pm","Monitor",-35.3094947,149.1879221,"",FALSE
"","Canberra Centre","Canberra Centre, 148 Bunda Street","Canberra City","30/08/2021 - Monday","11:30am","7:30pm","Monitor",-35.2802271,149.1333559,"",FALSE
"","Canberra Centre- Men's Public Toilets (adjacent to Dangerfield)","Canberra Centre, 148 Bunda Street","Canberra City","30/08/2021 - Monday","11:30am","12:00pm","Monitor",-35.2802271,149.1332809,"",FALSE
"","Bus Route 7 Transport Canberra Code BUS710","Cooleman Court to City Interchange","Public Transport","30/08/2021 - Monday","10:39pm","11:03pm","Casual",-35.2784467,149.1304044,"",FALSE
"","Bus Route 70 Transport Canberra Code BUS376","Cooleman Court to Woden Interchange","Public Transport","30/08/2021 - Monday","1:57pm","2:07pm","Casual",-35.3444429,149.0872692,"",FALSE
"","Woolworths Weston Creek","Corner Brierly Street and Mahony Court","Weston","30/08/2021 - Monday","1:45pm","2:30pm","Casual",-35.340765,149.052706,"",FALSE
"","Bus Route 66 Transport Canberra Code BUS492","Denman Prospect to Woden Interchange","Public Transport","30/08/2021 - Monday","8:21pm","8:38pm","Casual",-35.3444429,149.0872942,"",FALSE
"","ALDI Gungahlin","Hibberson Street","Gungahlin","30/08/2021 - Monday","12:40pm","1:30pm","Monitor",-35.1853494,149.1361128,"<strong/>!Location has more than<br> one entry. Zoom in and search table!</strong/>",TRUE
"","Qscan Radiology Clinics Gungahlin","Hibberson Street","Gungahlin","30/08/2021 - Monday","11:05am","12:40pm","Casual",-35.184451,149.1292887,"",FALSE
"","Emart Asian Supermarket","Shop 15/45 West Row","Canberra City","30/08/2021 - Monday","1:20pm","2:45pm","Casual",-35.2786733,149.1270662,"",FALSE
"","Chisholm Newsagency and Post Office","Shop 6, Chisholm Village Shopping Centre, 42 Halley Street","Chisholm","30/08/2021 - Monday","2:20pm","3:00pm","Casual",-35.4140008,149.1282707,"",FALSE
"","Woolworths Metro Hawker","Springvale Drive","Hawker","30/08/2021 - Monday","7:30pm","8:20pm","Monitor",-35.2433647,149.0441742,"",FALSE
"","Belco Halal Kebabs and Pizzeria","Westfield Belconnen, Belconnen Way","Belconnen","30/08/2021 - Monday","1:00pm","2:00pm","Monitor",-35.2374453,149.0631174,"",FALSE
"","Bus Route 65 Transport Canberra Code BUS607","Woden Interchange to Cooleman Court","Public Transport","30/08/2021 - Monday","1:25pm","1:38pm","Casual",-35.3444429,149.0873442,"",FALSE
"","Bus Route 71 Transport Canberra Code BUS601","Woden Interchange to Cooleman Court","Public Transport","30/08/2021 - Monday","8:42pm","8:49pm","Casual",-35.3444429,149.0872442,"",FALSE
"New","IBIS Budget Hotel Canberra","15 Tay Street","Watson","30/08/2021 - Monday","12:00am","11:59pm","Casual",-35.224856,149.1667233,"",FALSE
"","Domino's Pizza Erindale","1/20 Gartside Street","Wanniassa","29/08/2021 - Sunday","12:00pm","12:30pm","Monitor",-35.405875,149.0999947,"",FALSE
"","Crust Bakery Cafe, Fyshwick Fresh Food Markets","12 Dalby Street","Fyshwick","29/08/2021 - Sunday","10:40am","11:20am","Monitor",-35.3242106,149.1550872,"",FALSE
"","Deli Planet, Fyshwick Fresh Food Markets","12 Dalby Street","Fyshwick","29/08/2021 - Sunday","10:45am","11:25am","Monitor",-35.3239903,149.1546295,"",FALSE
"","Woolworths Mawson","15 Mawson Place","Mawson","29/08/2021 - Sunday","8:20am","10:00am","Casual",-35.3661449,149.0946446,"",FALSE
"","Bidfood Canberra","16 Mildura Street","Fyshwick","29/08/2021 - Sunday","5:30am","12:30pm","Casual",-35.3226824,149.1527852,"",FALSE
"","IGA Palmerston","2/16A Kosciuszko Avenue","Palmerston","29/08/2021 - Sunday","7:10pm","7:50pm","Monitor",-35.1973821,149.1183286,"",FALSE
"","7-Eleven Braddon","20 Mort Street","Braddon","29/08/2021 - Sunday","5:00pm","5:45pm","Monitor",-35.275691,149.1316408,"",FALSE
"","Argyle Housing - Ainslie Village","23 Quick Street","Campbell","29/08/2021 - Sunday","12:00am","11:59pm","Close",-35.2749161,149.1491264,"",FALSE
"","Woolworths Gungahlin","30-33 Hibberson Street","Gungahlin","29/08/2021 - Sunday","6:30pm","7:45pm","Casual",-35.1846274,149.1338641,"",FALSE
"","Fyshwick Fresh Food Markets","36 Mildura Street","Fyshwick","29/08/2021 - Sunday","10:20am","12:00pm","Monitor",-35.3241608,149.1546659,"",FALSE
"","Fyshwick Halal Poultry, Fyshwick Fresh Food Markets","36 Mildura Street","Fyshwick","29/08/2021 - Sunday","10:35am","11:20am","Monitor",-35.3241608,149.1548159,"",FALSE
"","Ma Ma Dumpling, Fyshwick Fresh Food Markets","36 Mildura Street","Fyshwick","29/08/2021 - Sunday","11:00am","11:40am","Monitor",-35.3241608,149.1547159,"",FALSE
"","Piccolo Market Coffee, Fyshwick Fresh Food Markets","36 Mildura Street","Fyshwick","29/08/2021 - Sunday","10:30am","11:10am","Monitor",-35.3237659,149.1558831,"",FALSE
"","Supabarn Express Watson","5 Watson Place","Watson","29/08/2021 - Sunday","6:00pm","6:40pm","Monitor",-35.2388939,149.1534951,"",FALSE
"","Master Kebabs Wanniassa","50 Denigan Street","Wanniassa","29/08/2021 - Sunday","5:15pm","6:30pm","Monitor",-35.4038975,149.0967517,"",FALSE
"","Ainslie Cellars","7 Edgar Street","Ainslie","29/08/2021 - Sunday","2:25pm","3:05pm","Monitor",-35.2622298,149.1451788,"",FALSE
"","Ainslie Cellars","7 Edgar Street","Ainslie","29/08/2021 - Sunday","4:00pm","4:40pm","Monitor",-35.2622298,149.1451288,"",FALSE
"","Oscy's Burgers Tuggeranong","90 Reed Street","Greenway","29/08/2021 - Sunday","6:20pm","7:00pm","Monitor",-35.4174467,149.0683408,"",FALSE
"","Bus Route 53 Transport Canberra Code BUS645","Ainslie (Campbell St) between Foveaux St and Chisholm St","Public Transport","29/08/2021 - Sunday","5:41pm","5:43pm","Casual",-35.2718945,149.1453308,"",FALSE
"","Bus Route 53 Transport Canberra Code BUS586","Ainslie (Chisholm St) to Ainslie Shops","Public Transport","29/08/2021 - Sunday","2:24pm","2:28pm","Casual",-35.2809368,149.1299342,"<strong/>!Location has more than<br> one entry. Zoom in and search table!</strong/>",TRUE
"","McDonalds Conder","Box Hill Avenue","Conder","29/08/2021 - Sunday","4:20pm","5:00pm","Monitor",-35.4576782,149.0917169,"",FALSE
"","Aldi Cooleman Court Shopping Centre","Brierly Street","Weston","29/08/2021 - Sunday","11:10am","12:15pm","Casual",-35.3414467,149.0525899,"",FALSE
"","Cafe au Lait Cooleman Court","Brierly Street","Weston","29/08/2021 - Sunday","11:30am","12:30am","Monitor",-35.3412617,149.0525436,"",FALSE
"","Cooleman Court Shopping Centre","Brierly Street","Weston","29/08/2021 - Sunday","11:00am","12:30pm","Monitor",-35.3412617,149.0526186,"",FALSE
"","Reject Shop Cooleman Court Shopping Centre","Brierly Street","Weston","29/08/2021 - Sunday","11:00am","11:50am","Monitor",-35.3412617,149.0525686,"",FALSE
"","Bus Route 31 Transport Canberra Code BUS664","City Interchange to Braddon (Ainslie Ave)","Public Transport","29/08/2021 - Sunday","9:06pm","9:13pm","Casual",-35.2784467,149.1303544,"",FALSE
"","Bus Route 64 Transport Canberra Code BUS641","Cooleman Court to Woden Interchange","Public Transport","29/08/2021 - Sunday","8:43am","8:53am","Casual",-35.3444429,149.0871692,"",FALSE
"","BWS Weston Creek","Corner Brierly Street and Mahony Court","Weston","29/08/2021 - Sunday","3:30pm","4:10pm","Monitor",-35.3407803,149.052706,"",FALSE
"","Woolworths Weston Creek","Corner Brierly Street and Mahony Court","Weston","29/08/2021 - Sunday","2:50pm","4:00pm","Casual",-35.340765,149.052681,"",FALSE
"","Woolworths Wanniassa","Erindale Shopping Centre, 50-68 Comrie Street","Wanniassa","29/08/2021 - Sunday","4:50pm","5:35pm","Monitor",-35.4035739,149.098702,"",FALSE
"","ALDI Gungahlin","Hibberson Street","Gungahlin","29/08/2021 - Sunday","6:40pm","7:40pm","Casual",-35.1853494,149.1360878,"",FALSE
"","Ampol Petrol Calwell","Were Street","Calwell","29/08/2021 - Sunday","4:40pm","5:20pm","Monitor",-35.4347448,149.1125482,"",FALSE
"","Priceline Pharmacy Woden","Westfield Woden, Keltie Street","Phillip","29/08/2021 - Sunday","12:45pm","2:30pm","Close",-35.3461804,149.0846887,"",FALSE
"","Bus Route 65 Transport Canberra Code BUS641","Woden Interchange to Cooleman Court","Public Transport","29/08/2021 - Sunday","8:00am","8:10am","Casual",-35.3444429,149.0872192,"",FALSE
"","Ziggy's Fruit Market, Fyshwick Fresh Food Markets","36 Mildura Street","Fyshwick","29/08/2021 - Sunday","10:50am","11:35am","Monitor",-35.3241608,149.1547659,"",FALSE
"","Coles Canberra Centre","Canbera Centre, 148 Bunda Street","Canberra City","29/08/2021 - Sunday","11:25am","12:20pm","Casual",-35.2802271,149.1332559,"",FALSE
"","Woolworths Kippax","Kippax Fair Shopping Centre, 26 Hardwick Crescent","Holt","29/08/2021 - Sunday","2:50pm","3:50pm","Monitor",-35.2218013,149.0194363,"",FALSE
"","Capital Chemist Charnwood","41 Charnwood Place","Charnwood","29/08/2021 - Sunday","3:00pm","3:45pm","Monitor",-35.2045044,149.033623,"",FALSE
"","McDonalds Charnwood","Corner Charnwood Place and Lhotsky Street","Charnwood","29/08/2021 - Sunday","3:15pm","4:00pm","Monitor",-35.2059467,149.0342738,"",FALSE
"","Ampol Foodary Kaleen","275 Maribyrnong Avenue","Kaleen","29/08/2021 - Sunday","4:00pm","5:30pm","Monitor",-35.2336464,149.103529,"",FALSE
"","The Flow Bottle Shop Mawson","Southlands Shopping Centre, Heard Street","Mawson","29/08/2021 - Sunday","5:00pm","5:40pm","Casual",-35.3650088,149.0948204,"",FALSE
"New","IBIS Budget Hotel Canberra","15 Tay Street","Watson","29/08/2021 - Sunday","12:00am","11:59pm","Casual",-35.224856,149.1666733,"",FALSE
"","Subway Charnwood","1/6 Charnwood Place","Charnwood","28/08/2021 - Saturday","2:30pm","3:10pm","Monitor",-35.2053524,149.0340649,"",FALSE
"","Beijing House Restaurant","134-142 Hawker Place","Hawker","28/08/2021 - Saturday","5:45pm","6:30pm","Monitor",-35.2429134,149.0430421,"",FALSE
"","Ali Baba Belconnen","3/102 Emu Bank","Belconnen","28/08/2021 - Saturday","6:30pm","7:10pm","Monitor",-35.2366703,149.0709222,"",FALSE
"","Pattysmiths Belconnen","4/102 Emu Bank","Belconnen","28/08/2021 - Saturday","4:00pm","4:40pm","Monitor",-35.2368573,149.0710513,"",FALSE
"","Pattysmiths Belconnen","4/102 Emu Bank","Belconnen","28/08/2021 - Saturday","6:30pm","7:15pm","Monitor",-35.2368573,149.0710013,"",FALSE
"","Subway Belconnen","5-6/68 Emu Bank","Belconnen","28/08/2021 - Saturday","3:45pm","4:25pm","Monitor",-35.2383367,149.0713617,"",FALSE
"","Wokitup! Belconnen","6/102 Emu Bank","Belconnen","28/08/2021 - Saturday","3:25pm","4:10pm","Monitor",-35.2371567,149.0714767,"",FALSE
"","Chatime Belconnen","Westfield Belconnen, Benjamin Way","Belconnen","28/08/2021 - Saturday","1:20pm","2:00pm","Monitor",-35.238272,149.0638931,"",FALSE
"","Chong Co Thai","Westfield Belconnen, Benjamin Way","Belconnen","28/08/2021 - Saturday","5:25pm","6:10pm","Monitor",-35.2376138,149.0631869,"",FALSE
"","Coles Belconnen","Westfield Belconnen, Benjamin Way","Belconnen","28/08/2021 - Saturday","8:15pm","9:00pm","Monitor",-35.2380765,149.0649672,"",FALSE
"","Easyway Tea Belconnen","Westfield Belconnen, Benjamin Way","Belconnen","28/08/2021 - Saturday","12:45pm","1:20pm","Monitor",-35.2380765,149.0649172,"",FALSE
"","Korbq Belconnen","Westfield Belconnen, Benjamin Way","Belconnen","28/08/2021 - Saturday","8:25pm","9:00pm","Monitor",-35.2380765,149.0649422,"",FALSE
"","Yowei","26 Sharwood Crescent","Evatt","28/08/2021 - Saturday","12:20pm","1:00pm","Monitor",-35.214555,149.0587339,"",FALSE
"","Woolworths Dickson","1 Dickson Place","Dickson","28/08/2021 - Saturday","9:10am","10:00am","Casual",-35.249974,149.1385751,"",FALSE
"","Cellarbrations Erindale","1/50 Denigan Street","Wanniassa","28/08/2021 - Saturday","7:00pm","8:00pm","Monitor",-35.4038487,149.0964993,"",FALSE
"","Woolworths Mawson","15 Mawson Place","Mawson","28/08/2021 - Saturday","5:10pm","6:00pm","Casual",-35.3661449,149.0946196,"",FALSE
"","Bidfood Canberra","16 Mildura Street","Fyshwick","28/08/2021 - Saturday","5:30am","12:30pm","Casual",-35.3226824,149.1526852,"",FALSE
"","Argyle Housing - Ainslie Village","23 Quick Street","Campbell","28/08/2021 - Saturday","12:00am","11:59pm","Close",-35.2749161,149.1491014,"",FALSE
"","BP Chisholm","3 Benham Street","Chisholm","28/08/2021 - Saturday","7:15pm","8:00pm","Monitor",-35.4131,149.1282,"",FALSE
"","Ampol Foodary Weston","49 Brierly Street","Weston","28/08/2021 - Saturday","5:40pm","6:20pm","Monitor",-35.3402449,149.0520681,"",FALSE
"","Coles Canberra Centre","Canberra Centre, 148 Bunda Street","Canberra City","28/08/2021 - Saturday","9:30am","10:20am","Casual",-35.2802271,149.1332309,"",FALSE
"","Hungry Jacks Gungahlin","Corner Gundaroo Drive and Gibberson Street","Gungahlin","28/08/2021 - Saturday","9:50am","10:40am","Monitor",-35.1834112,149.1267535,"",FALSE
"","McDonalds Erindale","Corner Ricardo Street and McBryde Crescent","Wanniassa","28/08/2021 - Saturday","4:45pm","5:40pm","Monitor",-35.4053191,149.0979023,"",FALSE
"","IGA Holt","Holt Place","Holt","28/08/2021 - Saturday","3:30pm","5:00pm","Monitor",-35.224764,149.0116696,"",FALSE
"","Kingsley's Chicken Kippax","Kippax Fair Shopping Centre, 26 Hardwick Crescent","Holt","28/08/2021 - Saturday","3:30pm","4:20pm","Casual",-35.2226439,149.0200434,"",FALSE
"","Woolworths Kippax","Kippax Fair Shopping Centre, 26 Hardwick Crescent","Holt","28/08/2021 - Saturday","3:20pm","4:20pm","Casual",-35.2218013,149.0193363,"",FALSE
"","Canberra Cafe Greenway","Shop 12/ 150-180 Soward Way","Greenway","28/08/2021 - Saturday","12:40pm","1:20pm","Monitor",-35.4175266,149.0685276,"",FALSE
"","Pizza Hut Erindale","Shop 2/38 Gartside Street","Wanniassa","28/08/2021 - Saturday","5:40pm","6:20pm","Monitor",-35.4058987,149.1002583,"",FALSE
"","Oporto Tuggeranong","Tuggeranong South.Point Shopping Centre, 210 Anketell Street","Greenway","28/08/2021 - Saturday","1:40pm","2:20pm","Monitor",-35.4164871,149.0672505,"",FALSE
"","Westfield Woden","Westfield Woden, Keltie Street","Phillip","28/08/2021 - Saturday","4:00pm","5:15pm","Monitor",-35.3463199,149.0861076,"",FALSE
"","Westfield Woden","Westfield Woden, Keltie Street","Phillip","28/08/2021 - Saturday","7:45am","5:00pm","Monitor",-35.3463199,149.0860826,"",FALSE
"","Woolworths Woden","Westfield Woden, Keltie Street","Phillip","28/08/2021 - Saturday","4:10pm","5:15pm","Casual",-35.3463199,149.0860576,"",FALSE
"","Woolworths Woden","Westfield Woden, Keltie Street","Phillip","28/08/2021 - Saturday","4:20pm","5:20pm","Casual",-35.3463199,149.0860076,"",FALSE
"","Pattysmiths Belconnen","4/102 Emu Bank","Belconnen","28/08/2021 - Saturday","3:40pm","4:20pm","Monitor",-35.2368573,149.0710263,"",FALSE
"New","IBIS Budget Hotel Canberra","15 Tay Street","Watson","28/08/2021 - Saturday","12:00am","11:59pm","Casual",-35.224856,149.1666233,"",FALSE
"","SPAR Express Ngunnawal","Ngunnawal Local Centre, Wanganeen Avenue","Ngunnawal","27/08/2021 - Friday","7:00am","8:30am","Monitor",-35.173951,149.10813,"",FALSE
"","Watson Pharmacy and Australia Post","1 Watson Place","Watson","27/08/2021 - Friday","11:50am","12:40pm","Monitor",-35.2390405,149.1532445,"",FALSE
"","IGA Lyneham","1 Wattle Place","Lyneham","27/08/2021 - Friday","8:00am","8:50am","Monitor",-35.2520717,149.1248594,"",FALSE
"","Grill'd Manuka","1/40-42 Franklin Street","Griffith","27/08/2021 - Friday","11:40am","12:15pm","Monitor",-35.319765,149.1325635,"",FALSE
"","Canturf","14 Cessnock Street","Fyshwick","27/08/2021 - Friday","10:50am","11:40am","Monitor",-35.3198108,149.1719133,"",FALSE
"","Bidfood Canberra","16 Mildura Street","Fyshwick","27/08/2021 - Friday","5:30am","12:30pm","Casual",-35.3226824,149.1527352,"",FALSE
"","BP Phillip","166 Melrose Drive","Phillip","27/08/2021 - Friday","11:20am","12:05pm","Monitor",-35.3509,149.085325,"",FALSE
"","Australia Post Fyshwick","22 Townsville Street","Fyshwick","27/08/2021 - Friday","11:05am","11:50am","Monitor",-35.3282773,149.183094,"",FALSE
"","Argyle Housing - Ainslie Village","23 Quick Street","Campbell","27/08/2021 - Friday","12:00am","11:59pm","Close",-35.2749161,149.1490514,"",FALSE
"","Australia Post Braddon","2c/32 Mort Street","Braddon","27/08/2021 - Friday","8:40am","9:30am","Monitor",-35.2740906,149.1317585,"",FALSE
"","EG Fuel Canberra Gateway","41 Federal Highway","Lyneham","27/08/2021 - Friday","9:45am","10:30am","Monitor",-35.2300948,149.1508365,"",FALSE
"","Coles Chisholm","42 Halley Street","Chisholm","27/08/2021 - Friday","1:00pm","1:40pm","Monitor",-35.4141067,149.1282669,"",FALSE
"","KFC Woden","48 Botany Street","Phillip","27/08/2021 - Friday","3:50pm","10:00pm","Casual",-35.3493546,149.0887519,"",FALSE
"","Officeworks Belconnen","5 Cohen Street","Belconnen","27/08/2021 - Friday","10:25am","11:45am","Casual",-35.2398229,149.0588658,"",FALSE
"","SupaBarn Express Watson","5 Watson Place","Watson","27/08/2021 - Friday","9:40am","11:00am","Casual",-35.2388939,149.1535201,"",FALSE
"","Indian Affair","64 Colbee Court","Phillip","27/08/2021 - Friday","6:55pm","7:35pm","Monitor",-35.3526602,149.0878811,"",FALSE
"","Hawker Discount Drug Store","72-74 Hawker Place","Hawker","27/08/2021 - Friday","11:40am","12:20pm","Monitor",-35.2431655,149.043745,"",FALSE
"","Oporto Phillip","82 Parramatta Street","Phillip","27/08/2021 - Friday","8:20pm","9:00pm","Monitor",-35.35521,149.0903394,"",FALSE
"","Woolworths Weston Creek","Corner Brierly Street and Mahony Court","Weston","27/08/2021 - Friday","4:40pm","5:20pm","Monitor",-35.340765,149.052656,"",FALSE
"","McDonalds Erindale","Corner Ricardo Street and McBryde Crescent","Wanniassa","27/08/2021 - Friday","5:40pm","6:20pm","Casual",-35.4053191,149.0979523,"",FALSE
"","Light Rail Route R1 Transport Canberra Code LRV002","Dickson Interchange to Alinga Street","Public Transport","27/08/2021 - Friday","4:23pm","4:31pm","Casual",-35.250558,149.133714,"",FALSE
"","Coles Manuka","Franklin Street and Flinders Way","Griffith","27/08/2021 - Friday","11:40am","12:20pm","Monitor",-35.3210247,149.1341696,"",FALSE
"","JAGA Swanson Court","Level 1, 11-17 Swanson Court","Belconnen","27/08/2021 - Friday","12:45pm","3:30pm","Casual",-35.2390642,149.0689282,"",FALSE
"","JAGA Swanson Court","Level 1, 11-17 Swanson Court","Belconnen","27/08/2021 - Friday","10:00am","11:00am","Monitor",-35.2390642,149.0689532,"",FALSE
"","Metro Petroleum Mitchell","Lysaght Street","Mitchell","27/08/2021 - Friday","10:00am","10:50am","Monitor",-35.2154233,149.1424608,"",FALSE
"","Canberra Halal Market","Shop 1a, 116 Hardwick Crescent","Holt","27/08/2021 - Friday","12:00pm","12:50pm","Casual",-35.2219216,149.0183338,"",FALSE
"","TSG Chisholm","Shop 1B, Chisholm Village Shopping Centre, 42 Halley Street","Chisholm","27/08/2021 - Friday","1:20pm","2:00pm","Casual",-35.4140008,149.1281707,"",FALSE
"","Nandos Canberra Centre","Shop FG1, Canberra Centre, 125 Bunda Street","Canberra City","27/08/2021 - Friday","12:00pm","1:00pm","Casual",-35.2779316,149.1329806,"",FALSE
"","Priceline Pharmacy Woden","Shop G98, Westfield Woden","Phillip","27/08/2021 - Friday","8:50am","6:00pm","Close",-35.3461804,149.0846637,"",FALSE
"","Woolworths Metro Hawker","Springvale Drive","Hawker","27/08/2021 - Friday","11:45am","12:40pm","Casual",-35.2433647,149.0441242,"",FALSE
"","Kingsley's Chicken Westfield Woden","Westfield Woden, Keltie Street","Phillip","27/08/2021 - Friday","2:15pm","3:00pm","Monitor",-35.3461343,149.0849866,"",FALSE
"","Liquorland Woden","Westfield Woden, Keltie Street","Phillip","27/08/2021 - Friday","4:40pm","5:30pm","Monitor",-35.3463199,149.0860326,"",FALSE
"","Westfield Woden","Westfield Woden, Keltie Street","Phillip","27/08/2021 - Friday","7:45am","5:00pm","Monitor",-35.3463199,149.0859826,"",FALSE
"","Woolworths Woden","Westfield Woden, Keltie Street","Phillip","27/08/2021 - Friday","7:50am","8:30am","Casual",-35.3463199,149.0859576,"",FALSE
"New","IBIS Budget Hotel Canberra","15 Tay Street","Watson","27/08/2021 - Friday","6:00pm","11:59pm","Casual",-35.224856,149.1665733,"",FALSE
"New","Shop Rite","2 Barker Street","Griffith","27/08/2021 - Friday","6:30pm","7:00pm","Monitor",-35.3284308,149.142856,"",FALSE
"New","Bus Route 2 Transport Canberra Code BUS329","Wentworth Avenue (Fyshwick) to Canberra Outlet Centre","Public Transport","27/08/2021 - Friday","10:19am","10:26am","Casual",-35.3166812,149.1453877,"<strong/>!Location has more than<br> one entry. Zoom in and search table!</strong/>",TRUE
"New","Bus Route 2 Transport Canberra Code BUS322","Canberra Outlet Centre to Wentworth Avenue (Fyshwick)","Public Transport","27/08/2021 - Friday","1:28pm","1:34pm","Casual",-35.3166812,149.1453377,"<strong/>!Location has more than<br> one entry. Zoom in and search table!</strong/>",TRUE
"","EG Fuel Conder","Tharwa Drive","Conder","26/08/2021 - Thursday","4:15pm","5:00pm","Monitor",-35.4582538,149.0916791,"",FALSE
"","Priceline Pharmacy Tuggeranong","Shop 141, Tuggeranong South.Point Shopping Centre, 148 Anketell Street","Greenway","25/08/2021 - Wednesday","3:20pm","4:10pm","Monitor",-35.4159229,149.066668,"",FALSE
"","The Flow Bottle Shop Mawson","Southlands Shopping Centre, Heard Street","Mawson","24/08/2021 - Tuesday","12:00pm","12:40pm","Monitor",-35.3650088,149.0947704,"",FALSE
"","IGA X-press Swinger Hill","84 Ainsworth Street","Mawson","23/08/2021 - Monday","12:50pm","1:30pm","Monitor",-35.3554427,149.0983944,"",FALSE
