"Status","Exposure.Location","Street","Suburb","Date","Arrival.Time","Departure.Time","Contact","lat","lon","doubles","moved"
"","IGA Holt","Holt Place","Holt","24/08/2021 - Tuesday","1:40pm","3:30pm","Casual",-35.224764,149.0116446,"",FALSE
"","Gerald Slaven Ford Phillip","29 Botany Street","Phillip","23/08/2021 - Monday","8:30am","9:30am","Casual",-35.3503316,149.087943,"",FALSE
"","Woolworths Kippax","48 Hardwick Crescent","Holt","23/08/2021 - Monday","11:55am","12:50pm","Casual",-35.2228703,149.0201977,"",FALSE
"","Woolworths Kippax","48 Hardwick Crescent","Holt","23/08/2021 - Monday","2:40pm","3:35pm","Monitor",-35.2228703,149.0201477,"",FALSE
"New","Coles Tuggeranong","Pitman Street","Tuggeranong","23/08/2021 - Monday","10:10am","11:10am","Casual",-35.4175813,149.0669229,"",FALSE
"New","Liquorland Tuggeranong","Level 2, Tuggeranong Hyperdome Shopping Centre, Corner Northern Street and Western Street","Tuggeranong","23/08/2021 - Monday","10:30am","11:15am","Monitor",-35.4170687,149.0675083,"",FALSE
"","Coles Chisholm","42 Halley Street","Chisholm","22/08/2021 - Sunday","12:20pm","1:10pm","Monitor",-35.4141067,149.1282419,"",FALSE
"","IGA Denman Prospect","20/3 Felstead Vista","Denman Prospect","22/08/2021 - Sunday","12:40pm","2:00pm","Monitor",-35.2992521,149.0231503,"",FALSE
"","ALDI Gungahlin","Hibberson Street","Gungahlin","22/08/2021 - Sunday","9:50am","11:00am","Casual",-35.1853494,149.1361628,"",FALSE
"","Woolworths Gungahlin","33 Hibberson Street","Gungahlin","22/08/2021 - Sunday","10:20am","11:30am","Casual",-35.1846274,149.1339641,"<strong/>!Location has more than<br> one entry. Zoom in and search table!</strong/>",TRUE
"","Le Bon Melange Cafe","G09/48 Gungahlin Place and Bruning Street","Gungahlin","22/08/2021 - Sunday","9:35am","10:30am","Casual",-35.1826213,149.135264,"",FALSE
"","Aldi Chisholm","36 Benham Street","Chisholm","21/08/2021 - Saturday","5:10pm","5:50pm","Monitor",-35.4148128,149.1293186,"",FALSE
"","Capital Chemist Charnwood","41 Charnwood Place","Charnwood","21/08/2021 - Saturday","12:20pm","1:10pm","Monitor",-35.2045044,149.033623,"",FALSE
"","Crust Pizza Charnwood","41 Charnwood Place","Charnwood","21/08/2021 - Saturday","12:40pm","1:30pm","Monitor",-35.2054109,149.0341708,"",FALSE
"","Erindale Pharmacy","2 Denigan Street","Wanniassa","21/08/2021 - Saturday","2:10pm","2:45pm","Monitor",-35.4036955,149.0986171,"",FALSE
"","Light Rail- R1 Transport Canberra Code LRV010","Ipima Street to Nullarbor Avenue","Public Transport","21/08/2021 - Saturday","2:41pm","3:03pm","Casual",-35.266635,149.1348303,"",FALSE
"","Light Rail- R1 Transport Canberra Code LRV010","Alinga Street to Ipima Street","Public Transport","21/08/2021 - Saturday","4:38pm","4:48pm","Casual",-35.2782991,149.1284604,"",FALSE
"","Light Rail- R1 Transport Canberra Code LRV011","Nullarbor Avenue to Alinga Street","Public Transport","21/08/2021 - Saturday","3:35pm","3:54pm","Casual",-35.20055,149.149294,"",FALSE
"","Woolworths Wanniassa","Erindale Shopping Centre, 50-68 Comrie Street","Wanniassa","21/08/2021 - Saturday","2:10pm","3:00pm","Monitor",-35.4035739,149.098602,"",FALSE
"","Woolworths Weston Creek","Corner Brierly Street and Mahony Court","Weston","21/08/2021 - Saturday","7:30pm","9:00pm","Monitor",-35.340765,149.052781,"",FALSE
"","Mawson Halal Market","2/79 Mawson Place","Mawson","21/08/2021 - Saturday","3:30pm","4:30pm","Casual",-35.3653047,149.0942951,"",FALSE
"","Woolworths Metro Franklin","51 Nullarbor Avenue, Corner Flemington Road","Franklin","21/08/2021 - Saturday","1:50pm","2:45pm","Monitor",-35.2000983,149.1488768,"",FALSE
"","Coles Canberra Centre","Canberra Centre, 148 Bunda Street","Canberra City","21/08/2021 - Saturday","3:00pm","4:10pm","Monitor",-35.2802271,149.1332059,"",FALSE
"","Bottlemart Express Braddon","94 Lowana Street","Braddon","21/08/2021 - Saturday","12:30pm","2:00pm","Casual",-35.26402,149.132825,"",FALSE
"","Charcoal Rooster Braddon","94 Lowana Street","Braddon","21/08/2021 - Saturday","12:30pm","2:00pm","Casual",-35.2641258,149.1328287,"",FALSE
"","Domino's Pizza Holt","8/118-126 Hardwick Crescent","Holt","21/08/2021 - Saturday","12:10am","12:50am","Monitor",-35.2220687,149.0184478,"",FALSE
"","Bright Bees Childcare","40 O'Hanlon Place","Nicholls","20/08/2021 - Friday","8:00am","5:00pm","Close",-35.1893609,149.0834424,"",FALSE
"","Crust Pizza Wanniassa","Shop 9B/20 Gartside Steet","Wanniassa","20/08/2021 - Friday","6:35pm","7:00pm","Monitor",-35.4058291,149.0994798,"",FALSE
"","Guzman y Gomez Canberra Centre","Shop EG07-07B, Canberra Centre, Bunda Street","Canberra City","20/08/2021 - Friday","3:30pm","11:00pm","Casual",-35.2786183,149.1331753,"",FALSE
"","Kingsley's Chicken Weston","2 Liardet Street","Weston","20/08/2021 - Friday","6:15pm","7:30pm","Casual",-35.3423358,149.051897,"",FALSE
"","NewsXpress Wanniassa","Erindale Shopping Centre, 2 Denigan Street","Wanniassa","20/08/2021 - Friday","12:30pm","1:20pm","Monitor",-35.4040526,149.0985755,"",FALSE
"","Warrumbul Lodge","4 Hutton Street","Canberra City","20/08/2021 - Friday","12:00am","11:59pm","Casual",-35.2766548,149.124522,"",FALSE
"","Wokitup Gungahlin","4/46 Hibberson Street","Gungahlin","20/08/2021 - Friday","6:05pm","6:55pm","Monitor",-35.1858901,149.1351855,"",FALSE
"","Woolworths Metro","1/6 Grazier Lane","Belconnen","20/08/2021 - Friday","11:30am","12:30pm","Monitor",-35.2401725,149.0719813,"",FALSE
"","Woolworths Wanniassa","Erindale Shopping Centre, 50-68 Comrie Street","Wanniassa","20/08/2021 - Friday","12:05pm","1:00pm","Monitor",-35.4035739,149.098652,"",FALSE
"","Bottlemart Express Braddon","94 Lowana Street","Braddon","20/08/2021 - Friday","12:30pm","2:00pm","Casual",-35.26402,149.132775,"",FALSE
"","Charcoal Rooster Braddon","94 Lowana Street","Braddon","20/08/2021 - Friday","12:30pm","2:00pm","Casual",-35.2641258,149.1328037,"",FALSE
"New","Woolworths Tuggeranong","Corner Anketell and Reed Street","Tuggeranong","20/08/2021 - Friday","11:15am","12:45pm","Casual",-35.4171865,149.0676648,"",FALSE
"","Bright Bees Childcare","40 O'Hanlon Place","Nicholls","19/08/2021 - Thursday","8:00am","5:00pm","Close",-35.1893609,149.0834924,"",FALSE
"","Chemist Warehouse Gungahlin","30 Hibberson Street","Gungahlin","19/08/2021 - Thursday","12:40pm","1:25pm","Monitor",-35.1856574,149.1328737,"",FALSE
"","Chemist Warehouse Belconnen Markets","2 Ibbott Lane","Belconnen","19/08/2021 - Thursday","5:50pm","6:40pm","Casual",-35.2461471,149.0646147,"",FALSE
"","Coles Canberra Centre","Canberra Centre, 148 Bunda Street","Canberra City","19/08/2021 - Thursday","7:50pm","8:45pm","Casual",-35.2802271,149.1331309,"",FALSE
"","Condamine Court","40-48 Forbes Street","Turner","19/08/2021 - Thursday","12:00am","11:59pm","Close",-35.2642655,149.1305065,"",FALSE
"","Da Bronx","2/26 Francis Forde Boulevard","Forde","19/08/2021 - Thursday","5:50pm","6:40pm","Monitor",-35.1713718,149.1425953,"",FALSE
"","Guzman y Gomez Canberra Centre","Canberra Centre, 148 Bunda Street","Canberra City","19/08/2021 - Thursday","2:45pm","11:00pm","Casual",-35.2802271,149.1331059,"",FALSE
"","Warrumbul Lodge","4 Hutton Street","Canberra City","19/08/2021 - Thursday","12:00am","11:59pm","Casual",-35.2766548,149.124572,"",FALSE
"","BP Kingston","77 Canberra Avenue","Kingston","19/08/2021 - Thursday","4:30pm","6:00pm","Monitor",-35.3199398,149.1389056,"",FALSE
"","Woolworths Weston Creek","Corner Brierly Street and Mahony Court","Weston","19/08/2021 - Thursday","4:30pm","6:30pm","Monitor",-35.340765,149.052731,"",FALSE
"","85 Degrees","Canberra Centre, 148 Bunda Street","Canberra City","18/08/2021 - Wednesday","1:00pm","2:00pm","Monitor",-35.2802271,149.1333559,"",FALSE
"","85 Degrees","Canberra Centre, 148 Bunda Street","Canberra City","18/08/2021 - Wednesday","4:00pm","4:30pm","Monitor",-35.2802271,149.1333309,"",FALSE
"","Bright Bees Childcare","40 O'Hanlon Place","Nicholls","18/08/2021 - Wednesday","8:00am","5:00pm","Close",-35.1893609,149.0835424,"",FALSE
"","Canberra Centre","Canberra Centre, 148 Bunda Street","Canberra City","18/08/2021 - Wednesday","1:00pm","5:00pm","Monitor",-35.2802271,149.1333059,"<strong/>!Location has more than<br> one entry. Zoom in and search table!</strong/>",TRUE
"","Coles Manuka","Franklin Street and Flinders Way","Griffith","18/08/2021 - Wednesday","3:00pm","5:30pm","Monitor",-35.3210247,149.1342446,"",FALSE
"","Condamine Court","40-48 Forbes Street","Turner","18/08/2021 - Wednesday","12:00am","11:59pm","Close",-35.2642655,149.1304565,"",FALSE
"","Crust Pizza Weston","2-4 Liardet Street","Weston","18/08/2021 - Wednesday","6:30pm","8:30pm","Monitor",-35.3422429,149.0519559,"",FALSE
"","Erindale Pharmacy","2 Denigan Street","Wanniassa","18/08/2021 - Wednesday","11:00am","11:30am","Monitor",-35.4036955,149.0986671,"",FALSE
"","Guzman y Gomez Canberra Centre","Canberra Centre, 148 Bunda Street","Canberra City","18/08/2021 - Wednesday","2:45pm","10:00pm","Casual",-35.2802271,149.1332559,"<strong/>!Location has more than<br> one entry. Zoom in and search table!</strong/>",TRUE
"","Oliver Brown Canberra Centre","Canberra Centre, 148 Bunda Street","Canberra City","18/08/2021 - Wednesday","4:15pm","5:10pm","Casual",-35.2781451,149.1324885,"",FALSE
"","The Butcher Shop Wanniassa","60 Comrie Street","Wanniassa","18/08/2021 - Wednesday","11:15am","12:00pm","Monitor",-35.4036552,149.0991178,"",FALSE
"","Warrumbul Lodge","4 Hutton Street","Canberra City","18/08/2021 - Wednesday","12:00am","11:59pm","Casual",-35.2766548,149.124622,"",FALSE
"","Westfield Belconnen","Westfield Belconnen, Benjamin Way","Belconnen","18/08/2021 - Wednesday","12:00pm","2:00pm","Monitor",-35.2380765,149.0650422,"",FALSE
"","Woolworths Wanniassa","Erindale Shopping Centre, 50-68 Comrie Street","Wanniassa","18/08/2021 - Wednesday","11:00am","11:40am","Monitor",-35.4035739,149.098752,"",FALSE
"","Bright Bees Childcare","40 O'Hanlon Place","Nicholls","17/08/2021 - Tuesday","8:00am","5:00pm","Close",-35.1893609,149.0835924,"",FALSE
"","Bunnings Belconnen","15 Lathlain Street","Belconnen","17/08/2021 - Tuesday","3:45pm","4:35pm","Casual",-35.2444848,149.0638378,"",FALSE
"","Chemist Warehouse Belconnen Markets","2 Ibbott Lane","Belconnen","17/08/2021 - Tuesday","4:20pm","5:10pm","Casual",-35.2461471,149.0645647,"",FALSE
"","Chemist Warehouse Phillip","24 Corinna Street","Phillip","17/08/2021 - Tuesday","12:50pm","1:30pm","Monitor",-35.345342,149.0838052,"",FALSE
"","Coles Belconnen","Westfield Belconnen, Benjamin Way","Belconnen","17/08/2021 - Tuesday","11:55am","12:45pm","Casual",-35.237949,149.064912,"",FALSE
"","Coles Canberra Centre","Canberra Centre, 148 Bunda Street","Canberra City","17/08/2021 - Tuesday","2:30pm","3:30pm","Casual",-35.2802271,149.1331809,"",FALSE
"","Condamine Court","40-48 Forbes Street","Turner","17/08/2021 - Tuesday","12:00am","11:59pm","Close",-35.2642655,149.1304065,"",FALSE
"","Gift n Lotto Xpress","Westfield Belconnen, Benjamin Way","Belconnen","17/08/2021 - Tuesday","11:20am","12:15pm","Casual",-35.2380765,149.0653172,"",FALSE
"","Ginninderra Early Childhood Centre","Swanson Court","Belconnen","17/08/2021 - Tuesday","11:00am","5:20pm","Close",-35.239106,149.0696107,"",FALSE
"","Guardian Pharmacy","Westfield Belconnen, Benjamin Way","Belconnen","17/08/2021 - Tuesday","11:45am","12:20pm","Casual",-35.2375421,149.0669633,"",FALSE
"","Guzman y Gomez Canberra Centre","Canberra Centre, 148 Bunda Street","Canberra City","17/08/2021 - Tuesday","8:00am","11:00pm","Casual",-35.2802271,149.1331559,"",FALSE
"","Reject Shop Belconnen","Westfield Belconnen, Benjamin Way","Belconnen","17/08/2021 - Tuesday","11:45am","12:20pm","Casual",-35.2380765,149.0652672,"",FALSE
"","Warrumbul Lodge","4 Hutton Street","Canberra City","17/08/2021 - Tuesday","12:00am","11:59pm","Casual",-35.2766548,149.124672,"",FALSE
"","Westfield Belconnen","Westfield Belconnen, Benjamin Way","Belconnen","17/08/2021 - Tuesday","11:10am","12:30pm","Monitor",-35.2380765,149.0652172,"",FALSE
"","7-Eleven Mawson","1 Mawson Place","Mawson","16/08/2021 - Monday","12:00pm","1:30pm","Casual",-35.365172,149.0936873,"",FALSE
"","ALDI Belconnen","Westfield Belconnen, Benjamin Way","Belconnen","16/08/2021 - Monday","6:40pm","7:40pm","Casual",-35.2380765,149.0651672,"",FALSE
"","BWS Belconnen","Westfield Belconnen, Benjamin Way","Belconnen","16/08/2021 - Monday","7:30pm","8:20pm","Casual",-35.2394878,149.0654861,"",FALSE
"","China Tea House","2/38-70 Gartside Street","Wanniassa","16/08/2021 - Monday","6:40pm","7:20pm","Monitor",-35.4056997,149.1010506,"",FALSE
"","Condamine Court","40-48 Forbes Street","Turner","16/08/2021 - Monday","12:00am","11:59pm","Close",-35.2642655,149.1303565,"",FALSE
"","Easi Mart","45 Eastlake Parade","Kingston","16/08/2021 - Monday","4:50pm","5:50pm","Casual",-35.3139653,149.1471622,"",FALSE
"","Food Forum","Westfield Belconnen, Benjamin Way","Belconnen","16/08/2021 - Monday","7:10pm","7:50pm","Casual",-35.2385072,149.0644201,"",FALSE
"","Guzman y Gomez Canberra Centre","Canberra Centre, 148 Bunda Street","Canberra City","16/08/2021 - Monday","6:30am","8:30pm","Casual",-35.2802271,149.1334059,"",FALSE
"","IGA O'Connor","3 Sargood Street","O'Connor","16/08/2021 - Monday","3:15pm","4:15pm","Casual",-35.2641187,149.1223094,"",FALSE
"","Jiparu Cellars","96 Wollongong Street","Fyshwick","16/08/2021 - Monday","2:45pm","3:45pm","Monitor",-35.3232079,149.1781779,"",FALSE
"","Laundry Facility, Unilodge @ANU- Kinloch Lodge","35 Childers Street","Canberra City","16/08/2021 - Monday","8:30am","11:30am","Casual",-35.2767133,149.1255585,"",FALSE
"","McDonalds Braddon","Corner Cooyong Street and Mort Street","Braddon","16/08/2021 - Monday","10:15am","10:40am","Casual",-35.2754512,149.1304965,"",FALSE
"","NewsXpress Wanniassa","Erindale Shopping Centre, 2 Denigan Street","Wanniassa","16/08/2021 - Monday","11:40am","12:20pm","Monitor",-35.4040526,149.0986255,"",FALSE
"","Warrumbul Lodge","4 Hutton Street","Canberra City","16/08/2021 - Monday","12:00am","11:59pm","Casual",-35.2766548,149.124722,"",FALSE
"","Woolworths Belconnen","Westfield Belconnen, Benjamin Way","Belconnen","16/08/2021 - Monday","7:10pm","8:00pm","Casual",-35.2386596,149.0653762,"",FALSE
"","Woolworths Belconnen","Westfield Belconnen, Benjamin Way","Belconnen","16/08/2021 - Monday","4:40pm","6:00pm","Casual",-35.2386596,149.0653262,"",FALSE
"","Woolworths Weston Creek","Corner Brierly Street and Mahony Court","Weston","16/08/2021 - Monday","12:45pm","1:30pm","Monitor",-35.340765,149.052681,"",FALSE
"","Woolworths Wanniassa","Erindale Shopping Centre, 50-68 Comrie Street","Wanniassa","16/08/2021 - Monday","11:45am","12:35pm","Monitor",-35.4035739,149.098802,"",FALSE
"","Zambrero Weston Creek","14 Brierly Street","Weston","16/08/2021 - Monday","1:00pm","1:40pm","Monitor",-35.3420891,149.0524454,"",FALSE
"","Acai Brothers Canberra Centre","Canberra Centre, 148 Bunda Street","Canberra City","15/08/2021 - Sunday","9:55am","10:05am","Casual",-35.2785479,149.1333424,"",FALSE
"","ALDI Belconnen","Westfield Belconnen, Benjamin Way","Belconnen","15/08/2021 - Sunday","5:10pm","6:00pm","Casual",-35.2380765,149.0651172,"",FALSE
"","ALDI Canberra Centre","Canberra Centre, 148 Bunda Street","Canberra City","15/08/2021 - Sunday","9:15am","10:15am","Casual",-35.2802271,149.1332559,"<strong/>!Location has more than<br> one entry. Zoom in and search table!</strong/>",TRUE
"","Bunnings Belconnen","15 Lathlain Street","Belconnen","15/08/2021 - Sunday","5:20pm","5:45pm","Monitor",-35.2444848,149.0637878,"",FALSE
"","Coles Gungahlin","Gungahlin Place","Gungahlin","15/08/2021 - Sunday","9:30am","10:00am","Casual",-35.1862806,149.136042,"",FALSE
"","Coles Manuka","Franklin Street and Flinders Way","Griffith","15/08/2021 - Sunday","11:15am","12:00pm","Monitor",-35.3210247,149.1341696,"",FALSE
"","Condamine Court","40-48 Forbes Street","Turner","15/08/2021 - Sunday","12:00am","11:59pm","Close",-35.2642655,149.1303065,"",FALSE
"","Daily Market Gungahlin","137/43 Hibberson Street","Gungahlin","15/08/2021 - Sunday","10:00am","10:30am","Casual",-35.1854965,149.1363642,"",FALSE
"","Dan Murphy's Dickson","44 Dickson Place","Dickson","15/08/2021 - Sunday","12:20pm","12:50pm","Monitor",-35.2504152,149.1401934,"",FALSE
"","Dominos Gungahlin","3/8 Ernest Cavanagh Street","Gungahlin","15/08/2021 - Sunday","1:50pm","2:10pm","Casual",-35.183993,149.131686,"",FALSE
"","IGA O'Connor","3 Sargood Street","O'Connor","15/08/2021 - Sunday","5:30pm","6:00pm","Monitor",-35.2641187,149.1222594,"",FALSE
"","LDK Greenway Views","260 Soward Way","Greenway","15/08/2021 - Sunday","12:00am","11:59pm","Close",-35.4197317,149.0633775,"",FALSE
"","Spence Grocer","1 Glassey Place","Spence","15/08/2021 - Sunday","9:30am","9:50am","Casual",-35.1947447,149.0614983,"",FALSE
"","Woolworths Dickson","1 Dickson Place","Dickson","15/08/2021 - Sunday","12:00pm","12:30pm","Casual",-35.249974,149.1387251,"",FALSE
"","7-Eleven Casey","10 Kingsland Parade","Casey","14/08/2021 - Saturday","7:30am","8:15am","Casual",-35.175773,149.0957326,"",FALSE
"","About Health","2/22-25 Dickson Place","Dickson","14/08/2021 - Saturday","2:40pm","5:00pm","Casual",-35.2506067,149.1392435,"",FALSE
"","Capital Chemist O'Connor","9 Sargood Street","O'Connor","14/08/2021 - Saturday","7:55pm","8:10pm","Monitor",-35.2639132,149.122611,"",FALSE
"","Coles Belconnen","Westfield Belconnen, Benjamin Way","Belconnen","14/08/2021 - Saturday","9:20am","10:00am","Casual",-35.237949,149.064862,"",FALSE
"","First Choice Liquor Braddon","48 Mort Street","Braddon","14/08/2021 - Saturday","7:45pm","8:05pm","Monitor",-35.2716667,149.1319444,"",FALSE
"","Hungry Jacks Belconnen","108 Emu Bank Road","Belconnen","14/08/2021 - Saturday","8:00am","3:15pm","Close",-35.2363112,149.0704104,"",FALSE
"","Hungry Jacks Gungahlin","Gibberson Street","Gungahlin","14/08/2021 - Saturday","7:20pm","7:40pm","Casual",-35.1834112,149.1267535,"",FALSE
"","IGA Lyneham","1 Wattle Place","Lyneham","14/08/2021 - Saturday","4:15pm","5:00pm","Casual",-35.2520717,149.1249094,"",FALSE
"","LDK Greenway Views","260 Soward Way","Greenway","14/08/2021 - Saturday","12:00am","11:59pm","Close",-35.4197317,149.0633275,"",FALSE
"","McDonalds Dickson","Corner Badham Street and Dickson Place","Dickson","14/08/2021 - Saturday","7:00am","10:30am","Casual",-35.2498103,149.1381879,"",FALSE
"","Meatways Kambah Butcher","Marconi Crescent","Kambah","14/08/2021 - Saturday","1:20pm","2:00pm","Monitor",-35.380305,149.057822,"",FALSE
"","Oriental Kitchen Charnwood","Charnwood Place","Charnwood","14/08/2021 - Saturday","6:55pm","7:35pm","Monitor",-35.2041918,149.0330466,"",FALSE
"","Spence Grocer","1 Glassey Place","Spence","14/08/2021 - Saturday","12:40pm","1:10pm","Casual",-35.1947447,149.0615483,"",FALSE
"","The Source Bulk Foods","Shop 7/7/30 Dickson Place","Dickson","14/08/2021 - Saturday","2:45pm","3:10pm","Casual",-35.2506133,149.1397664,"",FALSE
"","Woolworths Charnwood","25-30 Charnwood Place","Charnwood","14/08/2021 - Saturday","1:00pm","3:00pm","Casual",-35.2045295,149.0328828,"",FALSE
"","Woolworths Dickson","1 Dickson Place","Dickson","14/08/2021 - Saturday","11:20am","11:50am","Casual",-35.249974,149.1386751,"",FALSE
"","Woolworths Dickson","1 Dickson Place","Dickson","14/08/2021 - Saturday","2:50pm","3:40pm","Casual",-35.249974,149.1386251,"",FALSE
"","Woolworths Kambah","2 Primmer Court","Kambah","14/08/2021 - Saturday","2:00pm","2:30pm","Casual",-35.3801801,149.0572697,"",FALSE
"","7-Eleven Phillip","86 Parramatta Street","Phillip","13/08/2021 - Friday","10:55am","11:10am","Monitor",-35.3550615,149.0911059,"",FALSE
"","ALDI Belconnen","Westfield Belconnen, Benjamin Way","Belconnen","13/08/2021 - Friday","8:45am","9:20am","Casual",-35.2380765,149.0650672,"",FALSE
"","ALDI Belconnen","Westfield Belconnen, Benjamin Way","Belconnen","13/08/2021 - Friday","2:00pm","2:25pm","Casual",-35.2380765,149.0650172,"",FALSE
"","ALDI Weston Creek","Brierly Street","Weston","13/08/2021 - Friday","6:00pm","6:30pm","Casual",-35.3414467,149.0525899,"",FALSE
"","Bus Route 66 Transport Canberra Code BUS643","Coombs to Woden Intechange","Public Transport","13/08/2021 - Friday","12:21pm","12:33pm","Casual",-35.3444429,149.0873192,"",FALSE
"","Bus Route 70 Transport Canberra Code BUS321","Woden Interchange to Kambah","Public Transport","13/08/2021 - Friday","12:57pm","1:15pm","Casual",-35.3444429,149.0872692,"",FALSE
"","Capital Chemist O’Connor","9 Sargood Street","O’Connor","13/08/2021 - Friday","9:35am","10:00am","Casual",-35.2639132,149.122586,"",FALSE
"","Coles Amaroo","Horse Park Drive","Amaroo","13/08/2021 - Friday","11:30am","1:00pm","Casual",-35.1646128,149.1318066,"",FALSE
"","Coles Belconnen","Westfield Belconnen, Benjamin Way","Belconnen","13/08/2021 - Friday","9:35am","10:00am","Casual",-35.237949,149.064812,"",FALSE
"","Coles Belconnen","Westfield Belconnen, Benjamin Way","Belconnen","13/08/2021 - Friday","2:15pm","2:45pm","Casual",-35.237949,149.064762,"",FALSE
"","Coles Canberra Centre","Canberra Centre, 148 Bunda Street","Canberra City","13/08/2021 - Friday","6:55pm","7:30pm","Casual",-35.2802271,149.1332059,"<strong/>!Location has more than<br> one entry. Zoom in and search table!</strong/>",TRUE
"","Coles Express Charnwood","Lhotsky Street and Charnwood Place","Charnwood","13/08/2021 - Friday","2:30pm","3:10pm","Monitor",-35.2056325,149.0332572,"",FALSE
"","Costco Majura Park","39-41 Mustang Avenue","Majura Park","13/08/2021 - Friday","12:00pm","1:00pm","Casual",-35.2972375,149.1905839,"",FALSE
"","Crust Pizza Braddon","28 Mort Street","Braddon","13/08/2021 - Friday","5:30pm","5:45pm","Casual",-35.2746249,149.1314767,"",FALSE
"","Elite Supplements Belconnen","Westfield Belconnen, Benjamin Way","Belconnen","13/08/2021 - Friday","2:30pm","2:45pm","Casual",-35.2383723,149.0649988,"",FALSE
"","Food Works Weston Creek","40 Holder Place","Holder","13/08/2021 - Friday","5:00pm","5:10pm","Monitor",-35.3365862,149.0440993,"",FALSE
"","Ginninderra Medical & Dental Centre - The general practice section ONLY","Corner Nettlefold Street and Coulter Drive","Belconnen","13/08/2021 - Friday","3:10pm","3:40pm","Close",-35.2395175,149.0576203,"",FALSE
"","Hawker Drive In Bottle Shop","Belconnen Way and Springvale Drive","Hawker","13/08/2021 - Friday","4:45pm","5:00pm","Monitor",-35.2426147,149.0449504,"",FALSE
"","Hungry Jacks Belconnen","108 Emu Bank Road","Belconnen","13/08/2021 - Friday","3:45pm","11:30pm","Close",-35.2363112,149.0703604,"",FALSE
"","IGA Evatt","Heydon Place","Evatt","13/08/2021 - Friday","11:45am","8:15pm","Casual",-35.2090949,149.0738421,"",FALSE
"","IGA Lyneham","1 Wattle Place","Lyneham","13/08/2021 - Friday","11:00am","11:45am","Monitor",-35.2520717,149.1248594,"",FALSE
"","Kopiku","1/5 Sargood Street","O’Connor","13/08/2021 - Friday","9:45am","10:15am","Casual",-35.2640694,149.1224283,"",FALSE
"","LDK Greenway Views","260 Soward Way","Greenway","13/08/2021 - Friday","12:00am","11:59pm","Close",-35.4197317,149.0632775,"",FALSE
"","Lennock Jaguar Land Rover","126 Melrose Drive","Phillip","13/08/2021 - Friday","8:30am","5:30pm","Close",-35.356842,149.0892491,"",FALSE
"","Liquorland Amaroo","Horse Park Drive","Amaroo","13/08/2021 - Friday","12:00pm","12:30pm","Casual",-35.1647474,149.1320463,"",FALSE
"","McDonalds Mitchell (near EPIC)","661 Northbourne Avenue","Lyneham","13/08/2021 - Friday","6:40pm","7:00pm","Casual",-35.2304555,149.1503226,"",FALSE
"","Officeworks Fyshwick","1 Whyalla Street","Fyshwick","13/08/2021 - Friday","5:25pm","6:05pm","Casual",-35.3343363,149.1715514,"",FALSE
"","Supabarn Casey","15 Kingsland Parade","Casey","13/08/2021 - Friday","3:00pm","3:35pm","Casual",-35.1741413,149.0960504,"",FALSE
"","Westfield Belconnen","Westfield Belconnen, Benjamin Way","Belconnen","13/08/2021 - Friday","8:45am","10:15am","Monitor",-35.2380765,149.0649672,"",FALSE
"","Westfield Belconnen","Westfield Belconnen, Benjamin Way","Belconnen","13/08/2021 - Friday","1:30pm","2:50pm","Monitor",-35.2380765,149.0649172,"",FALSE
"","Westfield Post Office","Westfield Belconnen, Benjamin Way","Belconnen","13/08/2021 - Friday","9:50am","10:15am","Casual",-35.238743,149.0661145,"",FALSE
"","Woden Bus Interchange","Bowes Street","Phillip","13/08/2021 - Friday","12:33pm","12:57pm","Monitor",-35.3444429,149.0872192,"",FALSE
"","Woolworths Belconnen","Westfield Belconnen, Benjamin Way","Belconnen","13/08/2021 - Friday","9:05am","9:45am","Casual",-35.2386596,149.0652762,"",FALSE
"","Woolworths Belconnen","Westfield Belconnen, Benjamin Way","Belconnen","13/08/2021 - Friday","1:45pm","2:10pm","Casual",-35.2386596,149.0652262,"",FALSE
"","Woolworths Bonner","61 Mabo Boulevard","Bonner","13/08/2021 - Friday","11:15am","12:00pm","Casual",-35.1613889,149.1388889,"",FALSE
"","Woolworths Bonner","61 Mabo Boulevard","Bonner","13/08/2021 - Friday","11:15am","12:00pm","Casual",-35.1613889,149.1388389,"",FALSE
"","Woolworths Weston Creek","Corner Brierly Street and Mahony Court","Weston","13/08/2021 - Friday","6:20pm","7:00pm","Casual",-35.340765,149.052631,"",FALSE
"","Woolworths Weston Creek","Corner Brierly Street and Mahony Court","Weston","13/08/2021 - Friday","10:30am","12:00pm","Monitor",-35.340765,149.052581,"",FALSE
"","7-Eleven Braddon","20 Mort Street","Braddon","12/08/2021 - Thursday","3:45pm","4:00pm","Casual",-35.275691,149.1316908,"",FALSE
"","7-Eleven Erindale","76 Gartside Street","Wanniassa","12/08/2021 - Thursday","8:40am","10:30am","Casual",-35.4054226,149.1012591,"",FALSE
"","Abode Hotel (Floors 1, 2 and 3)","14 Kennedy Street","Kingston","12/08/2021 - Thursday","12:00am","7:00pm","Casual",-35.31713,149.141155,"",FALSE
"","Abode Hotel (Ground Floor only)","14 Kennedy Street","Kingston","12/08/2021 - Thursday","7:50am","7:00pm","Monitor",-35.31713,149.141105,"",FALSE
"","ALDI Belconnen","Westfield Belconnen, Benjamin Way","Belconnen","12/08/2021 - Thursday","3:50pm","4:50pm","Close",-35.2380765,149.0648672,"",FALSE
"","ALDI Kippax","50-60 Hardwick Crescent","Holt","12/08/2021 - Thursday","1:20pm","2:00pm","Monitor",-35.2210845,149.0192219,"",FALSE
"","Ampol Petrol Station","5 Lonsdale Street","Braddon","12/08/2021 - Thursday","3:00pm","3:30pm","Monitor",-35.2710315,149.1334298,"",FALSE
"","Australian Maritime Safety Authority Head Office","82 Northbourne Avenue","Braddon","12/08/2021 - Thursday","10:30am","12:00pm","Close",-35.2744863,149.130707,"",FALSE
"","Beyond Pharmacy","4/18 Lonsdale Street","Braddon","12/08/2021 - Thursday","3:45pm","4:00pm","Casual",-35.2736557,149.132945,"",FALSE
"","Big W Gungahlin","Gozzard Street","Gungahlin","12/08/2021 - Thursday","2:40pm","3:00pm","Casual",-35.1858957,149.1336719,"",FALSE
"","Bus Route 10 Transport Canberra Code BUS687","Coombs to City (Commonwealth Ave)","Public Transport","12/08/2021 - Thursday","7:16am","7:31am","Casual",-35.2933,149.1269703,"",FALSE
"","Bus Route 19 Transport Canberra Code BUS668","Gungahlin to Bonner","Public Transport","12/08/2021 - Thursday","5:00pm","5:30pm","Casual",-35.16413,149.13327,"",FALSE
"","Bus Route 2 Transport Canberra Code BUS719","City (Regatta Point) to Fyshwick","Public Transport","12/08/2021 - Thursday","7:41am","7:57am","Casual",-35.2809368,149.1303342,"",FALSE
"","Bus Route 25 Transport Canberra Code BUS585","Gungahlin to Moncrieff","Public Transport","12/08/2021 - Thursday","4:02pm","4:14pm","Casual",-35.2809368,149.1302842,"",FALSE
"","Bus Route 26 Transport Canberra Code BUS433","Amaroo to Gungahlin","Public Transport","12/08/2021 - Thursday","7:56am","8:07am","Casual",-35.2809368,149.1302342,"",FALSE
"","Bus Route 26 Transport Canberra Code BUS433","Moncrieff to Gungahlin","Public Transport","12/08/2021 - Thursday","7:51am","8:07am","Casual",-35.2809368,149.1301842,"",FALSE
"","Bus Route 45 Transport Canberra Code BUS617","Weetangera to Belconnen","Public Transport","12/08/2021 - Thursday","10:30am","10:40am","Casual",-35.25,149.049025,"",FALSE
"","Bus Route 45 Transport Canberra Code BUS653","Belconnen to Weetangera","Public Transport","12/08/2021 - Thursday","8:30am","8:50am","Casual",-35.25,149.048975,"",FALSE
"","Bus Route 66 Transport Canberra Code BUS641","Woden Interchange to Coombs","Public Transport","12/08/2021 - Thursday","1:04pm","1:19pm","Casual",-35.3444429,149.0871692,"",FALSE
"","Bus Route 8 Transport Canberra Code BUS580","Belconnen to Gunghalin","Public Transport","12/08/2021 - Thursday","11:15am","11:45am","Casual",-35.2809368,149.1301342,"",FALSE
"","Bus Route 8 Transport Canberra Code BUS657","Gungahlin to Belconnen","Public Transport","12/08/2021 - Thursday","8:00am","8:30am","Casual",-35.2809368,149.1300592,"",FALSE
"","Bus Route 9 Transport Canberra Code BUS424","Dickson Interchange to Watson","Public Transport","12/08/2021 - Thursday","3:26pm","3:35pm","Casual",-35.250558,149.133839,"",FALSE
"","Bus Route 9 Transport Canberra Code BUS456","Watson to Dickson Interchange","Public Transport","12/08/2021 - Thursday","8:20am","8:34am","Casual",-35.250558,149.133814,"",FALSE
"","Bus Route 9 Transport Canberra Code BUS456","Watson to Dickson Interchange","Public Transport","12/08/2021 - Thursday","8:25am","8:34am","Casual",-35.250558,149.134039,"",FALSE
"","Bus Route 9 Transport Canberra Code BUS720","Dickson Interchange to Watson","Public Transport","12/08/2021 - Thursday","3:18pm","3:32pm","Casual",-35.250558,149.133689,"",FALSE
"","Chemist Warehouse Gungahlin","30 Hibberson Street","Gungahlin","12/08/2021 - Thursday","10:20am","11:00am","Casual",-35.1856574,149.1328237,"",FALSE
"","CIT Bruce Campus (Building H - Library Only)","1 Jack Fleming Place","Bruce","12/08/2021 - Thursday","12:00pm","4:30pm","Close",-35.2478586,149.096056,"",FALSE
"","CIT Bruce Campus (Building H only)","1 Jack Fleming Place","Bruce","12/08/2021 - Thursday","12:00pm","4:30pm","Casual",-35.2478586,149.096006,"",FALSE
"","CIT Bruce Campus (Entire campus, refer to Close Contacts entry if attended Building H)","35 Vowels Crescent","Bruce","12/08/2021 - Thursday","12:00pm","4:30pm","Monitor",-35.2481112,149.0947383,"",FALSE
"","CIT Reid Campus (Entire campus)","37 Constitution Avenue","Reid","12/08/2021 - Thursday","9:00am","2:30pm","Close",-35.2860802,149.1374575,"",FALSE
"","Coco Republic Construction Site","148 Bunda Street","Canberra City","12/08/2021 - Thursday","8:00am","12:30pm","Close",-35.2802938,149.1331887,"",FALSE
"","Coffee Guru Canberra Centre","Shop K05, Canberra Centre, 148 Bunda Street","Canberra City","12/08/2021 - Thursday","10:45am","12:00pm","Close",-35.2802191,149.133323,"",FALSE
"","Coles Express Belconnen","Lathlain Street and Wignall Place","Belconnen","12/08/2021 - Thursday","7:50am","8:10am","Casual",-35.242649,149.063986,"",FALSE
"","Coles Gungahlin","Corner Hibberson Street and Gungahlin Place","Gungahlin","12/08/2021 - Thursday","3:00pm","3:45pm","Casual",-35.1868916,149.1367894,"",FALSE
"","Coles Gungahlin","Corner Hibberson Street and Gungahlin Place","Gungahlin","12/08/2021 - Thursday","3:30pm","4:15pm","Casual",-35.1862806,149.135992,"",FALSE
"","Coles Kaleen","1 Maribyrnong Avenue","Kaleen","12/08/2021 - Thursday","12:45pm","2:45pm","Close",-35.2202787,149.1028228,"",FALSE
"","Commonwealth Bank Gungahlin","Shop 23-25, 33 Hibberson Street","Gungahlin","12/08/2021 - Thursday","3:00pm","3:20pm","Casual",-35.1853356,149.1347038,"",FALSE
"","Commonwealth Bank Gungahlin","Shop 23-25, 33 Hibberson Street","Gungahlin","12/08/2021 - Thursday","9:30am","10:00am","Close",-35.1853356,149.1346538,"",FALSE
"","EQ Bakehouse","70 Kent Street","Deakin","12/08/2021 - Thursday","7:00am","10:00am","Casual",-35.3204751,149.0974481,"",FALSE
"","F45 Training","10 National Circuit","Barton","12/08/2021 - Thursday","5:00am","8:00am","Close",-35.3085945,149.1339674,"",FALSE
"","Franklin General Practice","54 Nullarbor Avenue","Franklin","12/08/2021 - Thursday","2:15pm","3:15pm","Close",-35.2007392,149.1471045,"",FALSE
"","Gold Creek School (including Early Childhood Learning Centre)","Kelleway Avenue","Nicholls","12/08/2021 - Thursday","8:00am","3:10pm","Close",-35.1799885,149.0942036,"",FALSE
"","Golden Touch Kedmar, pop-up Gungahlin Marketplace","30 & 33 Hibberson Street","Gungahlin","12/08/2021 - Thursday","9:45am","10:30am","Casual",-35.1848509,149.1332138,"",FALSE
"","Grand Central Towers - communal pool area","15 Bowes Street","Phillip","12/08/2021 - Thursday","11:45am","12:45pm","Close",-35.343881,149.0869324,"",FALSE
"","Gungahlin Marketplace","30 Hibberson Street","Gungahlin","12/08/2021 - Thursday","11:30am","2:00pm","Monitor",-35.1846599,149.1347762,"",FALSE
"","Harrison School","20 Wimmera Street","Harrison","12/08/2021 - Thursday","8:30am","3:30pm","Close",-35.1996408,149.1523022,"",FALSE
"","Holy Sprit Catholic Primary School (including Early Childhood Learning Centre)","26 Kelleway Avenue","Nicholls","12/08/2021 - Thursday","8:00am","3:10pm","Casual",-35.180284,149.1012186,"",FALSE
"","IGA Lyneham","1 Wattle Place","Lyneham","12/08/2021 - Thursday","3:00pm","3:45pm","Casual",-35.2520717,149.1248094,"",FALSE
"","Iskia Athletic Club Campbell","81 Constitution Avenue","Campbell","12/08/2021 - Thursday","12:15pm","2:00pm","Close",-35.2920258,149.1460582,"",FALSE
"","Lawrence & Hanson Mitchell","2/67-71 Vicars Street","Mitchell","12/08/2021 - Thursday","7:30am","8:00am","Close",-35.2100296,149.1397955,"",FALSE
"","Lawrence & Hanson Mitchell","2/67-71 Vicars Street","Mitchell","12/08/2021 - Thursday","12:40pm","1:00pm","Close",-35.2100296,149.1397455,"",FALSE
"","LDK Greenway Views","260 Soward Way","Greenway","12/08/2021 - Thursday","12:00am","11:59pm","Close",-35.4197317,149.0632275,"",FALSE
"","Lennock Jaguar Land Rover","126 Melrose Drive","Phillip","12/08/2021 - Thursday","8:30am","5:30pm","Close",-35.356842,149.0891991,"",FALSE
"","Light Rail - R1 Transport Canberra Code LRV003","Gungahlin to Dickson Interchange","Public Transport","12/08/2021 - Thursday","8:20am","8:38am","Casual",-35.250558,149.133939,"",FALSE
"","Light Rail - R1 Transport Canberra Code LRV005","Dickson Interchange to Gungahlin","Public Transport","12/08/2021 - Thursday","3:18pm","3:37pm","Casual",-35.250558,149.133889,"",FALSE
"","Light Rail - R1 Transport Canberra Code LRV005","Gunghalin to Well Station Drive","Public Transport","12/08/2021 - Thursday","1:40pm","1:47pm","Casual",-35.209041,149.1473903,"",FALSE
"","Light Rail - R1 Transport Canberra Code LRV011","Gungahlin to Dickson Interchange","Public Transport","12/08/2021 - Thursday","8:10am","8:27am","Casual",-35.250558,149.133789,"",FALSE
"","Light Rail - R1 Transport Canberra Code LRV013","Well Station Drive to Gunghalin","Public Transport","12/08/2021 - Thursday","4:36pm","4:43pm","Casual",-35.209041,149.1473403,"",FALSE
"","Lyneham High School","Goodwin Street","Lyneham","12/08/2021 - Thursday","8:30am","3:30pm","Close",-35.2524674,149.130593,"",FALSE
"","Mawson Southland Quality Meats","1/93 Mawson Place","Mawson","12/08/2021 - Thursday","1:40pm","1:55pm","Casual",-35.365013,149.0941768,"",FALSE
"","McDonalds Charnwood","Corner Charnwood Place and Lhotsky Place","Charnwood","12/08/2021 - Thursday","8:00am","8:45am","Casual",-35.2059467,149.0342738,"",FALSE
"","Melt","109 Flemington Road","Mitchell","12/08/2021 - Thursday","7:30am","8:00am","Close",-35.2204521,149.14453,"",FALSE
"","Metropol Display Centre","83 Cooyoong Street","Reid","12/08/2021 - Thursday","10:00am","11:10am","Close",-35.2798731,149.136232,"",FALSE
"","Mr Sushi","Gungahlin Village","Gungahlin","12/08/2021 - Thursday","4:00pm","4:15pm","Casual",-35.1848056,149.1344577,"",FALSE
"","Pellegrino’s Café","7/49 Wollongong Street","Fyshwick","12/08/2021 - Thursday","8:30am","8:35am","Close",-35.3247984,149.1795404,"",FALSE
"","Priceline Pharmacy Amaroo","6 Pioneer Street","Amaroo","12/08/2021 - Thursday","5:00pm","6:45pm","Close",-35.164779,149.1324158,"",FALSE
"","Reject Shop, Gungahlin Village","Shop 2, 46 Hibberson Street","Gungahlin","12/08/2021 - Thursday","3:45pm","4:10pm","Casual",-35.1863723,149.1359758,"",FALSE
"","Services Australia","5 Fussell Lane","Gungahlin","12/08/2021 - Thursday","3:10pm","3:30pm","Casual",-35.1837955,149.1353828,"",FALSE
"","Southwell Park","Southwell Park","Lyneham","12/08/2021 - Thursday","9:00am","11:30am","Monitor",-35.2457188,149.130727,"",FALSE
"","Spence Grocer","1 Glassey Place","Spence","12/08/2021 - Thursday","8:20am","8:50am","Casual",-35.1947447,149.0616483,"",FALSE
"","Spence Grocer","1 Glassey Place","Spence","12/08/2021 - Thursday","3:20pm","3:50pm","Casual",-35.1947447,149.0615983,"",FALSE
"","St George Bank Gungahlin","30 Hibberson Street","Gungahlin","12/08/2021 - Thursday","2:40pm","3:10pm","Casual",-35.1855895,149.1341257,"",FALSE
"","St Thomas Aquinas Primary School","25 Lhotsky Street","Charnwood","12/08/2021 - Thursday","8:30am","4:00pm","Close",-35.2050332,149.030607,"",FALSE
"","TLE Electrical & Data supplies","22-36 Oatley Court","Belconnen","12/08/2021 - Thursday","7:30am","8:15am","Casual",-35.241658,149.0576673,"",FALSE
"","Vodafone Gungahlin","18 Hibberson Street","Gungahlin","12/08/2021 - Thursday","3:20pm","3:45pm","Casual",-35.1859633,149.1357952,"",FALSE
"","Westfield Belconnen","Westfield Belconnen, Benjamin Way","Belconnen","12/08/2021 - Thursday","7:30am","9:00am","Monitor",-35.2380765,149.0648172,"",FALSE
"","Westfield Belconnen Food Court","Westfield Belconnen, Benjamin Way","Belconnen","12/08/2021 - Thursday","10:00am","11:45am","Casual",-35.23793,149.0653,"",FALSE
"","Woolworths Belconnen","Westfield Belconnen, Benjamin Way","Belconnen","12/08/2021 - Thursday","4:15pm","5:00pm","Casual",-35.2386596,149.0651762,"",FALSE
"","Woolworths Gungahlin","30 Hibberson Street","Gungahlin","12/08/2021 - Thursday","3:30pm","5:05pm","Casual",-35.1846274,149.1339141,"<strong/>!Location has more than<br> one entry. Zoom in and search table!</strong/>",TRUE
"New","Smile Sensations Casey","13/15 Kingsland Parade","Casey","11/08/2021 - Wednesday","5:50pm","6:50pm","Casual",-35.1744206,149.0954283,"",FALSE
